-- phpMyAdmin SQL Dump
-- version 4.8.4
-- https://www.phpmyadmin.net/
--
-- Host: 148.72.232.173:3306
-- Generation Time: Jun 03, 2019 at 03:47 AM
-- Server version: 5.5.51-38.1-log
-- PHP Version: 7.1.14

SET SQL_MODE = "NO_AUTO_VALUE_ON_ZERO";
SET AUTOCOMMIT = 0;
START TRANSACTION;
SET time_zone = "+00:00";


/*!40101 SET @OLD_CHARACTER_SET_CLIENT=@@CHARACTER_SET_CLIENT */;
/*!40101 SET @OLD_CHARACTER_SET_RESULTS=@@CHARACTER_SET_RESULTS */;
/*!40101 SET @OLD_COLLATION_CONNECTION=@@COLLATION_CONNECTION */;
/*!40101 SET NAMES utf8mb4 */;

--
-- Database: `MysticSeries`
--

-- --------------------------------------------------------

--
-- Table structure for table `download_link`
--

CREATE TABLE `download_link` (
  `id` int(11) NOT NULL,
  `series_id` int(11) NOT NULL,
  `season_id` int(11) NOT NULL,
  `episode_id` int(11) NOT NULL,
  `link` varchar(300) NOT NULL
) ENGINE=InnoDB DEFAULT CHARSET=latin1;

--
-- Dumping data for table `download_link`
--

INSERT INTO `download_link` (`id`, `series_id`, `season_id`, `episode_id`, `link`) VALUES
(7, 1, 5, 1, 'Series/Endeavour/Season 5/Endeavour - S05E01 HD.mp4'),
(8, 1, 5, 2, 'Series/Endeavour/Season 5/Endeavour - S05E02 HD.mp4'),
(9, 1, 5, 3, 'Series/Endeavour/Season 5/Endeavour - S05E03 HD.mp4'),
(10, 1, 5, 4, 'Series/Endeavour/Season 5/Endeavour - S05E04 HD.mp4'),
(11, 1, 5, 5, 'Series/Endeavour/Season 5/Endeavour - S05E05 HD.mp4'),
(12, 1, 5, 6, 'Series/Endeavour/Season 5/Endeavour - S05E06 HD.mp4'),
(13, 19, 1, 1, 'Series/Breaking Bad/Season 1/BB_S01_E01.mp4'),
(15, 19, 1, 2, 'Series/Breaking Bad/Season 1/BB_S01_E02.mp4'),
(16, 19, 1, 3, 'Series/Breaking Bad/Season 1/BB_S01_E03.mp4'),
(17, 19, 1, 4, 'Series/Breaking Bad/Season 1/BB_S01_E04.mp4'),
(18, 19, 1, 5, 'Series/Breaking Bad/Season 1/BB_S01_E05.mp4'),
(19, 19, 1, 6, 'Series/Breaking Bad/Season 1/BB_S01_E06.mp4'),
(20, 19, 1, 7, 'Series/Breaking Bad/Season 1/BB_S01_E07.mp4'),
(21, 19, 2, 1, 'Series/Breaking Bad/Season 2/BB_S02_E01.mp4'),
(22, 19, 2, 2, 'Series/Breaking Bad/Season 2/BB_S02_E02.mp4'),
(23, 19, 2, 3, 'Series/Breaking Bad/Season 2/BB_S02_E03.mp4'),
(24, 19, 2, 4, 'Series/Breaking Bad/Season 2/BB_S02_E04.mp4'),
(25, 19, 2, 5, 'Series/Breaking Bad/Season 2/BB_S02_E05.mp4'),
(26, 19, 2, 6, 'Series/Breaking Bad/Season 2/BB_S02_E06.mp4'),
(27, 19, 2, 7, 'Series/Breaking Bad/Season 2/BB_S02_E07.mp4'),
(28, 19, 2, 8, 'Series/Breaking Bad/Season 2/BB_S02_E08.mp4'),
(29, 19, 2, 9, 'Series/Breaking Bad/Season 2/BB_S02_E09.mp4'),
(30, 19, 2, 10, 'Series/Breaking Bad/Season 2/BB_S02_E10.mp4'),
(31, 19, 2, 11, 'Series/Breaking Bad/Season 2/BB_S02_E11.mp4'),
(32, 19, 2, 12, 'Series/Breaking Bad/Season 2/BB_S02_E12.mp4'),
(33, 19, 2, 13, 'Series/Breaking Bad/Season 2/BB_S02_E13.mp4'),
(34, 20, 1, 1, 'Series/Agents of Shield/Season 1/Agents of SHIELD - S01E01.mp4'),
(35, 20, 1, 2, 'Series/Agents of Shield/Season 1/Agents of SHIELD - S01E02.mp4'),
(36, 20, 1, 3, 'Series/Agents of Shield/Season 1/Agents of SHIELD - S01E03.mp4'),
(37, 20, 1, 4, 'Series/Agents of Shield/Season 1/Agents of SHIELD - S01E04.mp4'),
(38, 20, 1, 5, 'Series/Agents of Shield/Season 1/Agents of SHIELD - S01E05.mp4'),
(39, 20, 1, 6, 'Series/Agents of Shield/Season 1/Agents of SHIELD - S01E06.mp4'),
(40, 20, 1, 7, 'Series/Agents of Shield/Season 1/Agents of SHIELD - S01E07.mp4'),
(41, 20, 1, 8, 'Series/Agents of Shield/Season 1/Agents of SHIELD - S01E08.mp4'),
(42, 20, 1, 9, 'Series/Agents of Shield/Season 1/Agents of SHIELD - S01E09.mp4'),
(43, 20, 1, 10, 'Series/Agents of Shield/Season 1/Agents of SHIELD - S01E10.mp4'),
(44, 20, 1, 11, 'Series/Agents of Shield/Season 1/Agents of SHIELD - S01E11.mp4'),
(45, 20, 1, 12, 'Series/Agents of Shield/Season 1/Agents of SHIELD - S01E12.mp4'),
(46, 20, 1, 13, 'Series/Agents of Shield/Season 1/Agents of SHIELD - S01E13.mp4'),
(47, 20, 1, 14, 'Series/Agents of Shield/Season 1/Agents of SHIELD - S01E14.mp4'),
(48, 20, 1, 15, 'Series/Agents of Shield/Season 1/Agents of SHIELD - S01E15.mp4'),
(49, 20, 1, 16, 'Series/Agents of Shield/Season 1/Agents of SHIELD - S01E16.mp4'),
(50, 20, 1, 17, 'Series/Agents of Shield/Season 1/Agents of SHIELD - S01E17.mp4'),
(51, 20, 1, 18, 'Series/Agents of Shield/Season 1/Agents of SHIELD - S01E18.mp4'),
(52, 20, 1, 19, 'Series/Agents of Shield/Season 1/Agents of SHIELD - S01E19.mp4'),
(53, 20, 1, 20, 'Series/Agents of Shield/Season 1/Agents of SHIELD - S01E20.mp4'),
(54, 20, 1, 21, 'Series/Agents of Shield/Season 1/Agents of SHIELD - S01E21.mp4'),
(55, 20, 1, 22, 'Series/Agents of Shield/Season 1/Agents of SHIELD - S01E22.mp4'),
(56, 21, 1, 1, 'Series/Game of Thrones/Season 1/GOT S01E01 480p Dual Audio (Hin-Eng).mp4'),
(57, 21, 1, 2, 'Series/Game of Thrones/Season 1/GOT S01E02 480p Dual Audio (Hin-Eng).mp4'),
(58, 21, 1, 3, 'Series/Game of Thrones/Season 1/GOT S01E03 480p Dual Audio (Hin-Eng).mp4'),
(59, 21, 1, 4, 'Series/Game of Thrones/Season 1/GOT S01E04 480p Dual Audio (Hin-Eng).mp4'),
(60, 21, 1, 5, 'Series/Game of Thrones/Season 1/GOT S01E05 480p Dual Audio (Hin-Eng).mp4'),
(61, 21, 1, 6, 'Series/Game of Thrones/Season 1/GOT S01E06 480p Dual Audio (Hin-Eng).mp4'),
(62, 21, 1, 7, 'Series/Game of Thrones/Season 1/GOT S01E07 480p Dual Audio (Hin-Eng).mp4'),
(63, 21, 1, 8, 'Series/Game of Thrones/Season 1/GOT S01E08 480p Dual Audio (Hin-Eng).mp4'),
(64, 21, 1, 9, 'Series/Game of Thrones/Season 1/GOT S01E09 480p Dual Audio (Hin-Eng).mp4'),
(65, 21, 1, 10, 'Series/Game of Thrones/Season 1/GOT S01E10 480p Dual Audio (Hin-Eng).mp4'),
(66, 15, 1, 1, 'Series/Vampire Diaries/Season 1/The Vampire Diaries - S01E01.mp4'),
(67, 15, 1, 2, 'Series/Vampire Diaries/Season 1/The Vampire Diaries - S01E02.mp4'),
(68, 15, 1, 3, 'Series/Vampire Diaries/Season 1/The Vampire Diaries - S01E03.mp4'),
(69, 15, 1, 4, 'Series/Vampire Diaries/Season 1/The Vampire Diaries - S01E04.mp4'),
(70, 15, 1, 5, 'Series/Vampire Diaries/Season 1/The Vampire Diaries - S01E05.mp4'),
(71, 15, 1, 6, 'Series/Vampire Diaries/Season 1/The Vampire Diaries - S01E06.mp4'),
(72, 15, 1, 7, 'Series/Vampire Diaries/Season 1/The Vampire Diaries - S01E07.mp4'),
(73, 15, 1, 8, 'Series/Vampire Diaries/Season 1/The Vampire Diaries - S01E08.mp4'),
(74, 15, 1, 9, 'Series/Vampire Diaries/Season 1/The Vampire Diaries - S01E09.mp4'),
(75, 15, 1, 10, 'Series/Vampire Diaries/Season 1/The Vampire Diaries - S01E10.mp4'),
(76, 15, 1, 11, 'Series/Vampire Diaries/Season 1/The Vampire Diaries - S01E11.mp4'),
(77, 15, 1, 12, 'Series/Vampire Diaries/Season 1/The Vampire Diaries - S01E12.mp4'),
(78, 15, 1, 13, 'Series/Vampire Diaries/Season 1/The Vampire Diaries - S01E13.mp4'),
(79, 15, 1, 14, 'Series/Vampire Diaries/Season 1/The Vampire Diaries - S01E14.mp4'),
(80, 15, 1, 15, 'Series/Vampire Diaries/Season 1/The Vampire Diaries - S01E15.mp4'),
(81, 15, 1, 16, 'Series/Vampire Diaries/Season 1/The Vampire Diaries - S01E16.mp4'),
(82, 15, 1, 17, 'Series/Vampire Diaries/Season 1/The Vampire Diaries - S01E17.mp4'),
(83, 15, 1, 18, 'Series/Vampire Diaries/Season 1/The Vampire Diaries - S01E18.mp4'),
(84, 15, 1, 19, 'Series/Vampire Diaries/Season 1/The Vampire Diaries - S01E19.mp4'),
(85, 15, 1, 20, 'Series/Vampire Diaries/Season 1/The Vampire Diaries - S01E20.mp4'),
(86, 15, 1, 21, 'Series/Vampire Diaries/Season 1/The Vampire Diaries - S01E21.mp4'),
(87, 15, 1, 22, 'Series/Vampire Diaries/Season 1/The Vampire Diaries - S01E22.mp4'),
(88, 18, 1, 1, 'Series/Flash/Season 1/The Flash - S01E01.mp4'),
(89, 18, 1, 2, 'Series/Flash/Season 1/The Flash - S01E02.mp4'),
(90, 18, 1, 3, 'Series/Flash/Season 1/The Flash - S01E03.mp4'),
(91, 18, 1, 4, 'Series/Flash/Season 1/The Flash - S01E04.mp4'),
(92, 18, 1, 5, 'Series/Flash/Season 1/The Flash - S01E05.mp4'),
(93, 18, 1, 6, 'Series/Flash/Season 1/The Flash - S01E06.mp4'),
(94, 18, 1, 7, 'Series/Flash/Season 1/The Flash - S01E07.mp4'),
(95, 18, 1, 8, 'Series/Flash/Season 1/The Flash - S01E08.mp4'),
(96, 18, 1, 9, 'Series/Flash/Season 1/The Flash - S01E09.mp4'),
(97, 18, 1, 10, 'Series/Flash/Season 1/The Flash - S01E10.mp4'),
(98, 18, 1, 11, 'Series/Flash/Season 1/The Flash - S01E11.mp4'),
(99, 18, 1, 12, 'Series/Flash/Season 1/The Flash - S01E12.mp4'),
(100, 18, 1, 13, 'Series/Flash/Season 1/The Flash - S01E13.mp4'),
(101, 18, 1, 14, 'Series/Flash/Season 1/The Flash - S01E14.mp4'),
(102, 18, 1, 15, 'Series/Flash/Season 1/The Flash - S01E15.mp4'),
(103, 18, 1, 16, 'Series/Flash/Season 1/The Flash - S01E16.mp4'),
(104, 18, 1, 17, 'Series/Flash/Season 1/The Flash - S01E17.mp4'),
(105, 18, 1, 18, 'Series/Flash/Season 1/The Flash - S01E18.mp4'),
(106, 18, 1, 19, 'Series/Flash/Season 1/The Flash - S01E19.mp4'),
(107, 18, 1, 20, 'Series/Flash/Season 1/The Flash - S01E20.mp4'),
(108, 18, 1, 21, 'Series/Flash/Season 1/The Flash - S01E21.mp4'),
(109, 18, 1, 22, 'Series/Flash/Season 1/The Flash - S01E22.mp4'),
(110, 18, 1, 23, 'Series/Flash/Season 1/The Flash - S01E23.mp4'),
(111, 6, 1, 1, 'Series/The Walking Dead/Season 1/The Walking Dead - S01E01.mp4'),
(112, 6, 1, 2, 'Series/The Walking Dead/Season 1/The Walking Dead - S01E02.mp4'),
(113, 6, 1, 3, 'Series/The Walking Dead/Season 1/The Walking Dead - S01E03.mp4'),
(114, 6, 1, 4, 'Series/The Walking Dead/Season 1/The Walking Dead - S01E04.mp4'),
(115, 6, 1, 5, 'Series/The Walking Dead/Season 1/The Walking Dead - S01E05.mp4'),
(116, 6, 1, 6, 'Series/The Walking Dead/Season 1/The Walking Dead - S01E06.mp4'),
(117, 12, 1, 1, 'Series/13 Reasons Why/Season 1/13 Reasons Why - S01E01 HD.mp4'),
(118, 12, 1, 2, 'Series/13 Reasons Why/Season 1/13 Reasons Why - S01E02 HD.mp4'),
(119, 12, 1, 3, 'Series/13 Reasons Why/Season 1/13 Reasons Why - S01E03 HD.mp4'),
(120, 12, 1, 4, 'Series/13 Reasons Why/Season 1/13 Reasons Why - S01E04 HD.mp4'),
(121, 12, 1, 5, 'Series/13 Reasons Why/Season 1/13 Reasons Why - S01E05 HD.mp4'),
(122, 12, 1, 6, 'Series/13 Reasons Why/Season 1/13 Reasons Why - S01E06 HD.mp4'),
(123, 12, 1, 7, 'Series/13 Reasons Why/Season 1/13 Reasons Why - S01E07 HD.mp4'),
(124, 12, 1, 8, 'Series/13 Reasons Why/Season 1/13 Reasons Why - S01E08 HD.mp4'),
(125, 12, 1, 9, 'Series/13 Reasons Why/Season 1/13 Reasons Why - S01E09 HD.mp4'),
(126, 12, 1, 10, 'Series/13 Reasons Why/Season 1/13 Reasons Why - S01E10 HD.mp4'),
(127, 12, 1, 11, 'Series/13 Reasons Why/Season 1/13 Reasons Why - S01E11 HD.mp4'),
(128, 12, 1, 12, 'Series/13 Reasons Why/Season 1/13 Reasons Why - S01E12 HD.mp4'),
(129, 12, 1, 13, 'Series/13 Reasons Why/Season 1/13 Reasons Why - S01E13 HD.mp4'),
(130, 12, 1, 13, 'Series/13 Reasons Why/Season 1/13 Reasons Why - S01E13 HD.mp4'),
(131, 21, 2, 1, 'Series/Game of Thrones/Season 2/G@me 0f Thr0nes S02E01 480p Dual Audio (Hin-Eng).mp4'),
(132, 21, 2, 2, 'Series/Game of Thrones/Season 2/G@me 0f Thr0nes S02E02 480p Dual Audio (Hin-Eng).mp4'),
(133, 21, 2, 3, 'Series/Game of Thrones/Season 2/G@me 0f Thr0nes S02E03 480p Dual Audio (Hin-Eng).mp4'),
(134, 21, 2, 4, 'Series/Game of Thrones/Season 2/G@me 0f Thr0nes S02E04 480p Dual Audio (Hin-Eng).mp4'),
(135, 21, 2, 5, 'Series/Game of Thrones/Season 2/G@me of Thrones S02E05 480p English (Hin-Eng).mp4'),
(136, 21, 2, 6, 'Series/Game of Thrones/Season 2/G@me of Thrones S02E06 480p Dual Audio (Hin-Eng).mp4'),
(137, 21, 2, 7, 'Series/Game of Thrones/Season 2/G@me of Thrones S02E07 480p Dual Audio (Hin-Eng).mp4'),
(138, 21, 2, 8, 'Series/Game of Thrones/Season 2/G@me of Thrones S02E08 480p Dual Audio (Hin-Eng).mp4'),
(139, 21, 2, 10, 'Series/Game of Thrones/Season 2/G@me of Thrones S02E10 480p Dual Audio (Hin-Eng).mp4'),
(141, 21, 2, 9, 'Series/Game of Thrones/Season 2/Game.of.Thrones S02E09.mp4'),
(142, 21, 3, 1, 'Series/Game of Thrones/Season 3/G@me 0f Thr0nes S03E01 480p Dual Audio (Hin-Eng).mp4'),
(143, 21, 3, 2, 'Series/Game of Thrones/Season 3/G@me 0f Thr0nes S03E02 480p Dual Audio (Hin-Eng).mp4'),
(144, 21, 3, 3, 'Series/Game of Thrones/Season 3/G@me 0f Thr0nes S03E03 480p Dual Audio (Hin-Eng).mp4'),
(145, 21, 3, 4, 'Series/Game of Thrones/Season 3/G@me 0f Thr0nes S03E04 480p Dual Audio (Hin-Eng).mp4'),
(146, 21, 3, 5, 'Series/Game of Thrones/Season 3/G@me 0f Thr0nes S03E05 480p Dual Audio (Hin-Eng).mp4'),
(147, 21, 3, 6, 'Series/Game of Thrones/Season 3/G@me 0f Thr0nes S03E06 480p Dual Audio (Hin-Eng).mp4'),
(148, 21, 3, 7, 'Series/Game of Thrones/Season 3/G@me 0f Thr0nes S03E07 480p Dual Audio (Hin-Eng).mp4'),
(149, 21, 3, 8, 'Series/Game of Thrones/Season 3/G@me 0f Thr0nes S03E08 480p Dual Audio (Hin-Eng).mp4'),
(150, 21, 3, 9, 'Series/Game of Thrones/Season 3/G@me 0f Thr0nes S03E09 480p Dual Audio (Hin-Eng).mp4'),
(151, 21, 3, 10, 'Series/Game of Thrones/Season 3/G@me 0f Thr0nes S03E10 480p Dual Audio (Hin-Eng).mp4'),
(152, 13, 1, 1, 'Series/2 Broke Girls/Season 1/2 Broke Girls - S01E01.mp4'),
(153, 13, 1, 2, 'Series/2 Broke Girls/Season 1/2 Broke Girls - S01E02.mp4'),
(154, 13, 1, 3, 'Series/2 Broke Girls/Season 1/2 Broke Girls - S01E03.mp4'),
(155, 13, 1, 4, 'Series/2 Broke Girls/Season 1/2 Broke Girls - S01E04.mp4'),
(156, 13, 1, 5, 'Series/2 Broke Girls/Season 1/2 Broke Girls - S01E05.mp4'),
(157, 13, 1, 6, 'Series/2 Broke Girls/Season 1/2 Broke Girls - S01E06.mp4'),
(158, 13, 1, 7, 'Series/2 Broke Girls/Season 1/2 Broke Girls - S01E07.mp4'),
(159, 13, 1, 8, 'Series/2 Broke Girls/Season 1/2 Broke Girls - S01E08.mp4'),
(160, 13, 1, 9, 'Series/2 Broke Girls/Season 1/2 Broke Girls - S01E09.mp4'),
(161, 13, 1, 10, 'Series/2 Broke Girls/Season 1/2 Broke Girls - S01E10.mp4'),
(162, 13, 1, 11, 'Series/2 Broke Girls/Season 1/2 Broke Girls - S01E11.mp4'),
(163, 13, 1, 12, 'Series/2 Broke Girls/Season 1/2 Broke Girls - S01E12.mp4'),
(164, 13, 1, 13, 'Series/2 Broke Girls/Season 1/2 Broke Girls - S01E13.mp4'),
(165, 13, 1, 14, 'Series/2 Broke Girls/Season 1/2 Broke Girls - S01E14.mp4'),
(167, 13, 1, 15, 'Series/2 Broke Girls/Season 1/2 Broke Girls - S01E15.mp4'),
(168, 13, 1, 16, 'Series/2 Broke Girls/Season 1/2 Broke Girls - S01E16.mp4'),
(169, 13, 1, 17, 'Series/2 Broke Girls/Season 1/2 Broke Girls - S01E17.mp4'),
(170, 13, 1, 18, 'Series/2 Broke Girls/Season 1/2 Broke Girls - S01E18.mp4'),
(171, 13, 1, 19, 'Series/2 Broke Girls/Season 1/2 Broke Girls - S01E19.mp4'),
(172, 13, 1, 20, 'Series/2 Broke Girls/Season 1/2 Broke Girls - S01E20.mp4'),
(173, 13, 1, 21, 'Series/2 Broke Girls/Season 1/2 Broke Girls - S01E21.mp4'),
(174, 13, 1, 22, 'Series/2 Broke Girls/Season 1/2 Broke Girls - S01E22.mp4'),
(175, 13, 1, 23, 'Series/2 Broke Girls/Season 1/2 Broke Girls - S01E23-E24.mp4'),
(176, 14, 5, 1, 'Series/Younger/Season 5/Younger - S05E01 HD.mp4'),
(177, 14, 5, 2, 'Series/Younger/Season 5/Younger - S05E02 HD.mp4'),
(178, 14, 5, 3, 'Series/Younger/Season 5/Younger - S05E03 HD.mp4'),
(179, 14, 5, 4, 'Series/Younger/Season 5/Younger - S05E04 HD.mp4'),
(180, 14, 5, 5, 'Series/Younger/Season 5/Younger - S05E05 HD.mp4'),
(181, 14, 5, 6, 'Series/Younger/Season 5/Younger - S05E06 HD.mp4'),
(182, 14, 5, 7, 'Series/Younger/Season 5/Younger - S05E07 HD.mp4'),
(183, 14, 5, 8, 'Series/Younger/Season 5/Younger - S05E08 HD.mp4'),
(184, 14, 5, 9, 'Series/Younger/Season 5/Younger - S05E09 HD.mp4'),
(185, 14, 5, 10, 'Series/Younger/Season 5/Younger - S05E10 HD.mp4'),
(186, 14, 5, 11, 'Series/Younger/Season 5/Younger - S05E11 HD.mp4'),
(187, 14, 5, 12, 'Series/Younger/Season 5/Younger - S05E12 HD.mp4'),
(188, 10, 1, 1, 'Series/The Deuce/Season 1/The Deuce - S01E01 HD.mp4'),
(189, 10, 1, 2, 'Series/The Deuce/Season 1/The Deuce - S01E02 HD.mp4'),
(190, 10, 1, 3, 'Series/The Deuce/Season 1/The Deuce - S01E03 HD.mp4'),
(191, 10, 1, 4, 'Series/The Deuce/Season 1/The Deuce - S01E04 HD.mp4'),
(192, 10, 1, 5, 'Series/The Deuce/Season 1/The Deuce - S01E05 HD.mp4'),
(193, 10, 1, 6, 'Series/The Deuce/Season 1/The Deuce - S01E06 HD.mp4'),
(194, 10, 1, 7, 'Series/The Deuce/Season 1/The Deuce - S01E07 HD.mp4'),
(195, 10, 1, 8, 'Series/The Deuce/Season 1/The Deuce - S01E08.mp4'),
(196, 17, 1, 1, 'Series/5th Ward/Season 1/5th Ward - S01E01 HD.mp4'),
(197, 17, 1, 2, 'Series/5th Ward/Season 1/5th Ward - S01E02 HD.mp4'),
(198, 17, 1, 3, 'Series/5th Ward/Season 1/5th Ward - S01E03 HD.mp4'),
(199, 17, 1, 4, 'Series/5th Ward/Season 1/5th Ward - S01E04 HD.mp4'),
(200, 17, 1, 5, 'Series/5th Ward/Season 1/5th Ward - S01E05 HD.mp4'),
(203, 17, 1, 6, 'Series/5th Ward/Season 1/5th Ward - S01E06 HD.mp4'),
(204, 21, 4, 1, 'Series/Game of Thrones/Season 4/Game.Of.Thrones.S04E01.480p.mp4'),
(205, 21, 4, 2, 'Series/Game of Thrones/Season 4/Game.Of.Thrones.S04E02.480p.mp4'),
(206, 21, 4, 3, 'Series/Game of Thrones/Season 4/Game.Of.Thrones.S04E03.480p.mp4'),
(207, 21, 4, 4, 'Series/Game of Thrones/Season 4/Game.Of.Thrones.S04E04.480p.mp4'),
(208, 21, 4, 5, 'Series/Game of Thrones/Season 4/Game.Of.Thrones.S04E05.480p.mp4'),
(209, 21, 4, 6, 'Series/Game of Thrones/Season 4/Game.Of.Thrones.S04E06.480p.mp4'),
(210, 21, 4, 7, 'Series/Game of Thrones/Season 4/Game.Of.Thrones.S04E07.480p.mp4'),
(211, 21, 4, 8, 'Series/Game of Thrones/Season 4/Game.Of.Thrones.S04E08.480p.mp4'),
(212, 21, 4, 9, 'Series/Game of Thrones/Season 4/Game.Of.Thrones.S04E09.480p.mp4'),
(213, 21, 4, 10, 'Series/Game of Thrones/Season 4/Game.Of.Thrones.S04E10.480p.mp4'),
(214, 21, 5, 1, 'Series/Game of Thrones/Season 5/Game.of.Thrones.S05E01.480p.mp4'),
(215, 21, 5, 2, 'Series/Game of Thrones/Season 5/Game.of.Thrones.S05E02.480p.mp4'),
(216, 21, 5, 3, 'Series/Game of Thrones/Season 5/Game.of.Thrones.S05E03.480p.mp4'),
(217, 21, 5, 4, 'Series/Game of Thrones/Season 5/Game.of.Thrones.S05E04.480p.mp4'),
(218, 21, 5, 5, 'Series/Game of Thrones/Season 5/Game.of.Thrones.S05E05.480p.mp4'),
(219, 21, 5, 6, 'Series/Game of Thrones/Season 5/Game.of.Thrones.S05E01.480p.mp4'),
(220, 21, 5, 7, 'Series/Game of Thrones/Season 5/Game.of.Thrones.S05E07.480p.mp4'),
(221, 21, 5, 8, 'Series/Game of Thrones/Season 5/Game.of.Thrones.S05E08.480p.mp4'),
(222, 21, 5, 9, 'Series/Game of Thrones/Season 5/Game.of.Thrones.S05E09.480p.mp4'),
(223, 21, 5, 10, 'Series/Game of Thrones/Season 5/Game.of.Thrones.S05E10.480p.mp4'),
(224, 11, 1, 1, 'Series/The Cry/Season 1/The Cry - S01E01 HD.mp4'),
(225, 11, 1, 2, 'Series/The Cry/Season 1/The Cry - S01E02 HD.mp4'),
(226, 11, 1, 3, 'Series/The Cry/Season 1/The Cry - S01E03 HD.mp4'),
(227, 11, 1, 4, 'Series/The Cry/Season 1/The Cry - S01E04 HD.mp4'),
(228, 16, 1, 1, 'Series/911/Season 1/911 - S01E01 HD.mp4'),
(229, 16, 1, 2, 'Series/911/Season 1/911 - S01E02 HD.mp4'),
(230, 16, 1, 3, 'Series/911/Season 1/911 - S01E03 HD.mp4'),
(231, 16, 1, 4, 'Series/911/Season 1/911 - S01E04 HD.mp4'),
(232, 16, 1, 5, 'Series/911/Season 1/911 - S01E05 HD.mp4'),
(233, 16, 1, 6, 'Series/911/Season 1/911 - S01E06 HD.mp4'),
(234, 16, 1, 7, 'Series/911/Season 1/911 - S01E07 HD.mp4'),
(235, 16, 1, 8, 'Series/911/Season 1/911 - S01E08 HD.mp4'),
(236, 16, 1, 9, 'Series/911/Season 1/911 - S01E09 HD.mp4'),
(237, 16, 1, 10, 'Series/911/Season 1/911 - S01E10 HD.mp4'),
(238, 9, 1, 1, 'Series/The Last Ship/Season 1/The Last Ship - S01E01.mp4'),
(239, 9, 1, 2, 'Series/The Last Ship/Season 1/The Last Ship - S01E02.mp4'),
(240, 9, 1, 3, 'Series/The Last Ship/Season 1/The Last Ship - S01E03.mp4'),
(241, 9, 1, 4, 'Series/The Last Ship/Season 1/The Last Ship - S01E04.mp4'),
(242, 9, 1, 5, 'Series/The Last Ship/Season 1/The Last Ship - S01E05.mp4'),
(243, 9, 1, 6, 'Series/The Last Ship/Season 1/The Last Ship - S01E06.mp4'),
(244, 9, 1, 7, 'Series/The Last Ship/Season 1/The Last Ship - S01E07.mp4'),
(245, 9, 1, 8, 'Series/The Last Ship/Season 1/The Last Ship - S01E08.mp4'),
(246, 9, 1, 9, 'Series/The Last Ship/Season 1/The Last Ship - S01E09.mp4'),
(247, 9, 1, 10, 'Series/The Last Ship/Season 1/The Last Ship - S01E10.mp4'),
(248, 22, 1, 1, 'Series/Karenjit Kaur The Untold Story of Sunny Leone/Season 1/Karenjit Kaur_s01e01.mp4'),
(249, 22, 1, 2, 'Series/Karenjit Kaur The Untold Story of Sunny Leone/Season 1/Karenjit Kaur_s01e02.mp4'),
(250, 22, 1, 3, 'Series/Karenjit Kaur The Untold Story of Sunny Leone/Season 1/Karenjit Kaur_s01e03.mp4'),
(251, 22, 1, 4, 'Series/Karenjit Kaur The Untold Story of Sunny Leone/Season 1/Karenjit Kaur_s01e04.mp4'),
(252, 22, 1, 5, 'Series/Karenjit Kaur The Untold Story of Sunny Leone/Season 1/Karenjit Kaur_s01e05.mp4'),
(253, 22, 1, 6, 'Series/Karenjit Kaur The Untold Story of Sunny Leone/Season 1/Karenjit Kaur s01e06.mp4'),
(254, 22, 1, 7, 'Series/Karenjit Kaur The Untold Story of Sunny Leone/Season 1/Karenjit Kaur s01e07.mp4'),
(255, 22, 1, 8, 'Series/Karenjit Kaur The Untold Story of Sunny Leone/Season 1/Karenjit Kaur_s01e08.mp4'),
(256, 22, 1, 9, 'Series/Karenjit Kaur The Untold Story of Sunny Leone/Season 1/Karenjit Kaur_s01e09.mp4'),
(257, 22, 1, 10, 'Series/Karenjit Kaur The Untold Story of Sunny Leone/Season 1/Karenjit Kaur_s01e10.mp4'),
(258, 22, 2, 1, 'Series/Karenjit Kaur The Untold Story of Sunny Leone/Season 2/Karenjit Kaur_s02e01.mp4'),
(259, 22, 2, 2, 'Series/Karenjit Kaur The Untold Story of Sunny Leone/Season 2/Karenjit Kaur_s02e02.mp4'),
(260, 22, 2, 3, 'Series/Karenjit Kaur The Untold Story of Sunny Leone/Season 2/Karenjit Kaur_s02e03.mp4'),
(261, 22, 2, 4, 'Series/Karenjit Kaur The Untold Story of Sunny Leone/Season 2/Karenjit Kaur_s02e04.mp4'),
(262, 22, 2, 5, 'Series/Karenjit Kaur The Untold Story of Sunny Leone/Season 2/Karenjit Kaur_s02e05.mp4'),
(263, 22, 2, 6, 'Series/Karenjit Kaur The Untold Story of Sunny Leone/Season 2/Karenjit Kaur_s02e06.mp4');

-- --------------------------------------------------------

--
-- Table structure for table `episodes`
--

CREATE TABLE `episodes` (
  `id` int(11) NOT NULL,
  `episode_title` varchar(300) NOT NULL,
  `series_id` int(11) NOT NULL,
  `season_id` int(11) NOT NULL,
  `date` timestamp NOT NULL DEFAULT CURRENT_TIMESTAMP ON UPDATE CURRENT_TIMESTAMP,
  `epi_id` int(11) NOT NULL
) ENGINE=InnoDB DEFAULT CHARSET=latin1;

--
-- Dumping data for table `episodes`
--

INSERT INTO `episodes` (`id`, `episode_title`, `series_id`, `season_id`, `date`, `epi_id`) VALUES
(1, 'Episode 1', 0, 0, '2019-02-02 08:00:14', 1),
(2, 'Episode 2', 0, 0, '2019-02-02 08:00:14', 2),
(3, 'Episode 3', 0, 0, '2019-02-02 08:00:14', 3),
(4, 'Episode 4', 0, 0, '2019-02-02 08:00:14', 4),
(5, 'Episode 5', 0, 0, '2019-02-02 08:00:14', 5),
(6, 'Episode 6', 0, 0, '2019-02-02 08:00:14', 6),
(7, 'Episode 7', 0, 0, '2019-02-02 08:00:14', 7),
(8, 'Episode 8', 0, 0, '2019-02-02 08:00:14', 8),
(9, 'Episode 9', 0, 0, '2019-02-02 08:00:14', 9),
(10, 'Episode 10', 0, 0, '2019-02-02 08:00:14', 10),
(11, 'Episode 11', 0, 0, '2019-02-02 08:00:14', 11),
(12, 'Episode 12', 0, 0, '2019-02-02 08:00:14', 12),
(13, 'Episode 13', 0, 0, '2019-02-02 08:00:14', 13),
(14, 'Episode 14', 0, 0, '2019-02-02 08:00:14', 14),
(15, 'Episode 15', 0, 0, '2019-02-02 08:00:14', 15),
(16, 'Episode 16', 0, 0, '2019-02-02 08:00:14', 16),
(17, 'Episode 17', 0, 0, '2019-02-02 08:00:14', 17),
(18, 'Episode 18', 0, 0, '2019-02-02 08:00:14', 18),
(19, 'Episode 19', 0, 0, '2019-02-02 08:00:14', 19),
(20, 'Episode 20', 0, 0, '2019-02-02 08:00:14', 20),
(21, 'Episode 21', 0, 0, '2019-02-02 08:00:14', 21),
(22, 'Episode 22', 0, 0, '2019-02-02 08:00:14', 22),
(23, 'Episode 23', 0, 0, '2019-02-02 08:00:14', 23),
(24, 'Episode 24', 0, 0, '2019-02-02 08:00:14', 24),
(25, 'Episode 25', 0, 0, '2019-02-02 08:00:14', 25),
(26, 'Episode 26', 0, 0, '2019-02-02 08:00:14', 26),
(27, 'Episode 27', 0, 0, '2019-02-02 08:00:14', 27),
(28, 'Episode 28', 0, 0, '2019-02-02 08:00:14', 28),
(29, 'Episode 29', 0, 0, '2019-02-02 08:00:14', 29),
(30, 'Episode 30', 0, 0, '2019-02-02 08:00:14', 30),
(5, 'Episode 5', 1, 1, '2019-02-02 08:00:14', 31),
(4, 'Episode 4', 1, 1, '2019-02-02 08:00:14', 32),
(3, 'Episode 3', 1, 1, '2019-02-02 08:00:14', 33),
(2, 'Episode 2', 1, 1, '2019-02-02 08:00:14', 34),
(1, 'Episode 1', 1, 1, '2019-02-02 08:00:14', 35),
(6, 'Episode 6', 1, 5, '2019-02-02 08:00:14', 36),
(5, 'Episode 5', 1, 5, '2019-02-02 08:00:14', 37),
(4, 'Episode 4', 1, 5, '2019-02-02 08:00:14', 38),
(3, 'Episode 3', 1, 5, '2019-02-02 08:00:14', 39),
(2, 'Episode 2', 1, 5, '2019-02-02 08:00:14', 40),
(1, 'Episode 1', 1, 5, '2019-02-02 08:00:14', 41),
(18, 'Episode 18', 2, 1, '2019-02-02 08:00:14', 42),
(17, 'Episode 17', 2, 1, '2019-02-02 08:00:14', 43),
(16, 'Episode 16', 2, 1, '2019-02-02 08:00:14', 44),
(15, 'Episode 15', 2, 1, '2019-02-02 08:00:14', 45),
(14, 'Episode 14', 2, 1, '2019-02-02 08:00:14', 46),
(13, 'Episode 13', 2, 1, '2019-02-02 08:00:14', 47),
(12, 'Episode 12', 2, 1, '2019-02-02 08:00:14', 48),
(11, 'Episode 11', 2, 1, '2019-02-02 08:00:14', 49),
(10, 'Episode 10', 2, 1, '2019-02-02 08:00:14', 50),
(9, 'Episode 9', 2, 1, '2019-02-02 08:00:14', 51),
(8, 'Episode 8', 2, 1, '2019-02-02 08:00:14', 52),
(7, 'Episode 7', 2, 1, '2019-02-02 08:00:14', 53),
(6, 'Episode 6', 2, 1, '2019-02-02 08:00:14', 54),
(5, 'Episode 5', 2, 1, '2019-02-02 08:00:14', 55),
(4, 'Episode 4', 2, 1, '2019-02-02 08:00:14', 56),
(3, 'Episode 3', 2, 1, '2019-02-02 08:00:14', 57),
(2, 'Episode 2', 2, 1, '2019-02-02 08:00:14', 58),
(1, 'Episode 1', 2, 1, '2019-02-02 08:00:14', 59),
(12, 'Episode 12', 2, 2, '2019-02-02 08:00:14', 60),
(11, 'Episode 11', 2, 2, '2019-02-02 08:00:14', 61),
(10, 'Episode 10', 2, 2, '2019-02-02 08:00:14', 62),
(9, 'Episode 9', 2, 2, '2019-02-02 08:00:14', 63),
(8, 'Episode 8', 2, 2, '2019-02-02 08:00:14', 64),
(7, 'Episode 7', 2, 2, '2019-02-02 08:00:14', 65),
(6, 'Episode 6', 2, 2, '2019-02-02 08:00:14', 66),
(5, 'Episode 5', 2, 2, '2019-02-02 08:00:14', 67),
(4, 'Episode 4', 2, 2, '2019-02-02 08:00:14', 68),
(3, 'Episode 3', 2, 2, '2019-02-02 08:00:14', 69),
(2, 'Episode 2', 2, 2, '2019-02-02 08:00:14', 70),
(1, 'Episode 1', 2, 2, '2019-02-02 08:00:14', 71),
(13, 'Episode 13', 3, 1, '2019-02-02 08:00:14', 72),
(12, 'Episode 12', 3, 1, '2019-02-02 08:00:14', 73),
(11, 'Episode 11', 3, 1, '2019-02-02 08:00:14', 74),
(10, 'Episode 10', 3, 1, '2019-02-02 08:00:14', 75),
(9, 'Episode 9', 3, 1, '2019-02-02 08:00:14', 76),
(8, 'Episode 8', 3, 1, '2019-02-02 08:00:14', 77),
(7, 'Episode 7', 3, 1, '2019-02-02 08:00:14', 78),
(6, 'Episode 6', 3, 1, '2019-02-02 08:00:14', 79),
(5, 'Episode 5', 3, 1, '2019-02-02 08:00:14', 80),
(4, 'Episode 4', 3, 1, '2019-02-02 08:00:14', 81),
(3, 'Episode 3', 3, 1, '2019-02-02 08:00:14', 82),
(2, 'Episode 2', 3, 1, '2019-02-02 08:00:14', 83),
(1, 'Episode 1', 3, 1, '2019-02-02 08:00:14', 84),
(8, 'Episode 8', 4, 1, '2019-02-02 08:00:14', 85),
(7, 'Episode 7', 4, 1, '2019-02-02 08:00:14', 86),
(6, 'Episode 6', 4, 1, '2019-02-02 08:00:14', 87),
(5, 'Episode 5', 4, 1, '2019-02-02 08:00:14', 88),
(4, 'Episode 4', 4, 1, '2019-02-02 08:00:14', 89),
(3, 'Episode 3', 4, 1, '2019-02-02 08:00:14', 90),
(2, 'Episode 2', 4, 1, '2019-02-02 08:00:14', 91),
(1, 'Episode 1', 4, 1, '2019-02-02 08:00:14', 92),
(20, 'Episode 20', 5, 1, '2019-02-02 08:00:14', 93),
(19, 'Episode 19', 5, 1, '2019-02-02 08:00:14', 94),
(18, 'Episode 18', 5, 1, '2019-02-02 08:00:14', 95),
(17, 'Episode 17', 5, 1, '2019-02-02 08:00:14', 96),
(16, 'Episode 16', 5, 1, '2019-02-02 08:00:14', 97),
(15, 'Episode 15', 5, 1, '2019-02-02 08:00:14', 98),
(14, 'Episode 14', 5, 1, '2019-02-02 08:00:14', 99),
(13, 'Episode 13', 5, 1, '2019-02-02 08:00:14', 100),
(12, 'Episode 12', 5, 1, '2019-02-02 08:00:14', 101),
(11, 'Episode 11', 5, 1, '2019-02-02 08:00:14', 102),
(10, 'Episode 10', 5, 1, '2019-02-02 08:00:14', 103),
(9, 'Episode 9', 5, 1, '2019-02-02 08:00:14', 104),
(8, 'Episode 8', 5, 1, '2019-02-02 08:00:14', 105),
(7, 'Episode 7', 5, 1, '2019-02-02 08:00:14', 106),
(6, 'Episode 6', 5, 1, '2019-02-02 08:00:14', 107),
(5, 'Episode 5', 5, 1, '2019-02-02 08:00:14', 108),
(4, 'Episode 4', 5, 1, '2019-02-02 08:00:14', 109),
(3, 'Episode 3', 5, 1, '2019-02-02 08:00:14', 110),
(2, 'Episode 2', 5, 1, '2019-02-02 08:00:14', 111),
(1, 'Episode 1', 5, 1, '2019-02-02 08:00:14', 112),
(22, 'Episode 22', 5, 2, '2019-02-02 08:00:14', 113),
(21, 'Episode 21', 5, 2, '2019-02-02 08:00:14', 114),
(20, 'Episode 20', 5, 2, '2019-02-02 08:00:14', 115),
(19, 'Episode 19', 5, 2, '2019-02-02 08:00:14', 116),
(18, 'Episode 18', 5, 2, '2019-02-02 08:00:14', 117),
(17, 'Episode 17', 5, 2, '2019-02-02 08:00:14', 118),
(16, 'Episode 16', 5, 2, '2019-02-02 08:00:14', 119),
(15, 'Episode 15', 5, 2, '2019-02-02 08:00:14', 120),
(14, 'Episode 14', 5, 2, '2019-02-02 08:00:14', 121),
(13, 'Episode 13', 5, 2, '2019-02-02 08:00:14', 122),
(12, 'Episode 12', 5, 2, '2019-02-02 08:00:14', 123),
(11, 'Episode 11', 5, 2, '2019-02-02 08:00:14', 124),
(10, 'Episode 10', 5, 2, '2019-02-02 08:00:14', 125),
(9, 'Episode 9', 5, 2, '2019-02-02 08:00:14', 126),
(8, 'Episode 8', 5, 2, '2019-02-02 08:00:14', 127),
(7, 'Episode 7', 5, 2, '2019-02-02 08:00:14', 128),
(6, 'Episode 6', 5, 2, '2019-02-02 08:00:14', 129),
(5, 'Episode 5', 5, 2, '2019-02-02 08:00:14', 130),
(4, 'Episode 4', 5, 2, '2019-02-02 08:00:14', 131),
(3, 'Episode 3', 5, 2, '2019-02-02 08:00:14', 132),
(2, 'Episode 2', 5, 2, '2019-02-02 08:00:14', 133),
(1, 'Episode 1', 5, 2, '2019-02-02 08:00:14', 134),
(23, 'Episode 23', 5, 3, '2019-02-02 08:00:14', 135),
(22, 'Episode 22', 5, 3, '2019-02-02 08:00:14', 136),
(21, 'Episode 21', 5, 3, '2019-02-02 08:00:14', 137),
(20, 'Episode 20', 5, 3, '2019-02-02 08:00:14', 138),
(19, 'Episode 19', 5, 3, '2019-02-02 08:00:14', 139),
(18, 'Episode 18', 5, 3, '2019-02-02 08:00:14', 140),
(17, 'Episode 17', 5, 3, '2019-02-02 08:00:14', 141),
(16, 'Episode 16', 5, 3, '2019-02-02 08:00:14', 142),
(15, 'Episode 15', 5, 3, '2019-02-02 08:00:14', 143),
(14, 'Episode 14', 5, 3, '2019-02-02 08:00:14', 144),
(13, 'Episode 13', 5, 3, '2019-02-02 08:00:14', 145),
(12, 'Episode 12', 5, 3, '2019-02-02 08:00:14', 146),
(11, 'Episode 11', 5, 3, '2019-02-02 08:00:14', 147),
(10, 'Episode 10', 5, 3, '2019-02-02 08:00:14', 148),
(9, 'Episode 9', 5, 3, '2019-02-02 08:00:14', 149),
(8, 'Episode 8', 5, 3, '2019-02-02 08:00:14', 150),
(7, 'Episode 7', 5, 3, '2019-02-02 08:00:14', 151),
(6, 'Episode 6', 5, 3, '2019-02-02 08:00:14', 152),
(5, 'Episode 5', 5, 3, '2019-02-02 08:00:14', 153),
(4, 'Episode 4', 5, 3, '2019-02-02 08:00:14', 154),
(3, 'Episode 3', 5, 3, '2019-02-02 08:00:14', 155),
(2, 'Episode 2', 5, 3, '2019-02-02 08:00:14', 156),
(1, 'Episode 1', 5, 3, '2019-02-02 08:00:14', 157),
(22, 'Episode 22', 5, 4, '2019-02-02 08:00:14', 158),
(21, 'Episode 21', 5, 4, '2019-02-02 08:00:14', 159),
(20, 'Episode 20', 5, 4, '2019-02-02 08:00:14', 160),
(19, 'Episode 19', 5, 4, '2019-02-02 08:00:14', 161),
(18, 'Episode 18', 5, 4, '2019-02-02 08:00:14', 162),
(17, 'Episode 17', 5, 4, '2019-02-02 08:00:14', 163),
(16, 'Episode 16', 5, 4, '2019-02-02 08:00:14', 164),
(15, 'Episode 15', 5, 4, '2019-02-02 08:00:14', 165),
(14, 'Episode 14', 5, 4, '2019-02-02 08:00:14', 166),
(13, 'Episode 13', 5, 4, '2019-02-02 08:00:14', 167),
(12, 'Episode 12', 5, 4, '2019-02-02 08:00:14', 168),
(11, 'Episode 11', 5, 4, '2019-02-02 08:00:14', 169),
(10, 'Episode 10', 5, 4, '2019-02-02 08:00:14', 170),
(9, 'Episode 9', 5, 4, '2019-02-02 08:00:14', 171),
(8, 'Episode 8', 5, 4, '2019-02-02 08:00:14', 172),
(7, 'Episode 7', 5, 4, '2019-02-02 08:00:14', 173),
(6, 'Episode 6', 5, 4, '2019-02-02 08:00:14', 174),
(5, 'Episode 5', 5, 4, '2019-02-02 08:00:14', 175),
(4, 'Episode 4', 5, 4, '2019-02-02 08:00:14', 176),
(3, 'Episode 3', 5, 4, '2019-02-02 08:00:14', 177),
(2, 'Episode 2', 5, 4, '2019-02-02 08:00:14', 178),
(1, 'Episode 1', 5, 4, '2019-02-02 08:00:14', 179),
(6, 'Episode 6', 6, 1, '2019-02-02 08:00:14', 180),
(5, 'Episode 5', 6, 1, '2019-02-02 08:00:14', 181),
(4, 'Episode 4', 6, 1, '2019-02-02 08:00:14', 182),
(3, 'Episode 3', 6, 1, '2019-02-02 08:00:14', 183),
(2, 'Episode 2', 6, 1, '2019-02-02 08:00:14', 184),
(1, 'Episode 1', 6, 1, '2019-02-02 08:00:14', 185),
(13, 'Episode 13', 6, 2, '2019-02-02 08:00:14', 186),
(12, 'Episode 12', 6, 2, '2019-02-02 08:00:14', 187),
(11, 'Episode 11', 6, 2, '2019-02-02 08:00:14', 188),
(10, 'Episode 10', 6, 2, '2019-02-02 08:00:14', 189),
(9, 'Episode 9', 6, 2, '2019-02-02 08:00:14', 190),
(8, 'Episode 8', 6, 2, '2019-02-02 08:00:14', 191),
(7, 'Episode 7', 6, 2, '2019-02-02 08:00:14', 192),
(6, 'Episode 6', 6, 2, '2019-02-02 08:00:14', 193),
(5, 'Episode 5', 6, 2, '2019-02-02 08:00:14', 194),
(4, 'Episode 4', 6, 2, '2019-02-02 08:00:14', 195),
(3, 'Episode 3', 6, 2, '2019-02-02 08:00:14', 196),
(2, 'Episode 2', 6, 2, '2019-02-02 08:00:14', 197),
(1, 'Episode 1', 6, 2, '2019-02-02 08:00:14', 198),
(16, 'Episode 16', 6, 3, '2019-02-02 08:00:14', 199),
(15, 'Episode 15', 6, 3, '2019-02-02 08:00:14', 200),
(14, 'Episode 14', 6, 3, '2019-02-02 08:00:14', 201),
(13, 'Episode 13', 6, 3, '2019-02-02 08:00:14', 202),
(12, 'Episode 12', 6, 3, '2019-02-02 08:00:14', 203),
(11, 'Episode 11', 6, 3, '2019-02-02 08:00:14', 204),
(10, 'Episode 10', 6, 3, '2019-02-02 08:00:14', 205),
(9, 'Episode 9', 6, 3, '2019-02-02 08:00:14', 206),
(8, 'Episode 8', 6, 3, '2019-02-02 08:00:14', 207),
(7, 'Episode 7', 6, 3, '2019-02-02 08:00:14', 208),
(6, 'Episode 6', 6, 3, '2019-02-02 08:00:14', 209),
(5, 'Episode 5', 6, 3, '2019-02-02 08:00:14', 210),
(4, 'Episode 4', 6, 3, '2019-02-02 08:00:14', 211),
(3, 'Episode 3', 6, 3, '2019-02-02 08:00:14', 212),
(2, 'Episode 2', 6, 3, '2019-02-02 08:00:14', 213),
(1, 'Episode 1', 6, 3, '2019-02-02 08:00:14', 214),
(16, 'Episode 16', 6, 4, '2019-02-02 08:00:14', 215),
(15, 'Episode 15', 6, 4, '2019-02-02 08:00:14', 216),
(14, 'Episode 14', 6, 4, '2019-02-02 08:00:14', 217),
(13, 'Episode 13', 6, 4, '2019-02-02 08:00:14', 218),
(12, 'Episode 12', 6, 4, '2019-02-02 08:00:14', 219),
(11, 'Episode 11', 6, 4, '2019-02-02 08:00:14', 220),
(10, 'Episode 10', 6, 4, '2019-02-02 08:00:14', 221),
(9, 'Episode 9', 6, 4, '2019-02-02 08:00:14', 222),
(8, 'Episode 8', 6, 4, '2019-02-02 08:00:14', 223),
(7, 'Episode 7', 6, 4, '2019-02-02 08:00:14', 224),
(5, 'Episode 5', 6, 4, '2019-02-02 08:00:14', 225),
(4, 'Episode 4', 6, 4, '2019-02-02 08:00:14', 226),
(3, 'Episode 3', 6, 4, '2019-02-02 08:00:14', 227),
(6, 'Episode 6', 6, 4, '2019-02-02 08:00:14', 228),
(2, 'Episode 2', 6, 4, '2019-02-02 08:00:14', 229),
(1, 'Episode 1', 6, 4, '2019-02-02 08:00:14', 230),
(16, 'Episode 16', 6, 5, '2019-02-02 08:00:14', 231),
(15, 'Episode 15', 6, 5, '2019-02-02 08:00:14', 232),
(14, 'Episode 14', 6, 5, '2019-02-02 08:00:14', 233),
(13, 'Episode 13', 6, 5, '2019-02-02 08:00:14', 234),
(12, 'Episode 12', 6, 5, '2019-02-02 08:00:14', 235),
(11, 'Episode 11', 6, 5, '2019-02-02 08:00:14', 236),
(10, 'Episode 10', 6, 5, '2019-02-02 08:00:14', 237),
(9, 'Episode 9', 6, 5, '2019-02-02 08:00:14', 238),
(8, 'Episode 8', 6, 5, '2019-02-02 08:00:14', 239),
(7, 'Episode 7', 6, 5, '2019-02-02 08:00:14', 240),
(6, 'Episode 6', 6, 5, '2019-02-02 08:00:14', 241),
(5, 'Episode 5', 6, 5, '2019-02-02 08:00:14', 242),
(4, 'Episode 4', 6, 5, '2019-02-02 08:00:14', 243),
(3, 'Episode 3', 6, 5, '2019-02-02 08:00:14', 244),
(2, 'Episode 2', 6, 5, '2019-02-02 08:00:14', 245),
(1, 'Episode 1', 6, 5, '2019-02-02 08:00:14', 246),
(16, 'Episode 16', 6, 6, '2019-02-02 08:00:14', 247),
(15, 'Episode 15', 6, 6, '2019-02-02 08:00:14', 248),
(14, 'Episode 14', 6, 6, '2019-02-02 08:00:14', 249),
(13, 'Episode 13', 6, 6, '2019-02-02 08:00:14', 250),
(12, 'Episode 12', 6, 6, '2019-02-02 08:00:14', 251),
(11, 'Episode 11', 6, 6, '2019-02-02 08:00:14', 252),
(10, 'Episode 10', 6, 6, '2019-02-02 08:00:14', 253),
(9, 'Episode 9', 6, 6, '2019-02-02 08:00:14', 254),
(8, 'Episode 8', 6, 6, '2019-02-02 08:00:14', 255),
(7, 'Episode 7', 6, 6, '2019-02-02 08:00:14', 256),
(6, 'Episode 6', 6, 6, '2019-02-02 08:00:14', 257),
(5, 'Episode 5', 6, 6, '2019-02-02 08:00:14', 258),
(4, 'Episode 4', 6, 6, '2019-02-02 08:00:14', 259),
(3, 'Episode 3', 6, 6, '2019-02-02 08:00:14', 260),
(2, 'Episode 2', 6, 6, '2019-02-02 08:00:14', 261),
(1, 'Episode 1', 6, 6, '2019-02-02 08:00:14', 262),
(16, 'Episode 16', 6, 7, '2019-02-02 08:00:14', 263),
(15, 'Episode 15', 6, 7, '2019-02-02 08:00:14', 264),
(14, 'Episode 14', 6, 7, '2019-02-02 08:00:14', 265),
(13, 'Episode 13', 6, 7, '2019-02-02 08:00:14', 266),
(12, 'Episode 12', 6, 7, '2019-02-02 08:00:14', 267),
(11, 'Episode 11', 6, 7, '2019-02-02 08:00:14', 268),
(10, 'Episode 10', 6, 7, '2019-02-02 08:00:14', 269),
(9, 'Episode 9', 6, 7, '2019-02-02 08:00:14', 270),
(8, 'Episode 8', 6, 7, '2019-02-02 08:00:14', 271),
(7, 'Episode 7', 6, 7, '2019-02-02 08:00:14', 272),
(6, 'Episode 6', 6, 7, '2019-02-02 08:00:14', 273),
(5, 'Episode 5', 6, 7, '2019-02-02 08:00:14', 274),
(4, 'Episode 4', 6, 7, '2019-02-02 08:00:14', 275),
(3, 'Episode 3', 6, 7, '2019-02-02 08:00:14', 276),
(2, 'Episode 2', 6, 7, '2019-02-02 08:00:14', 277),
(1, 'Episode 1', 6, 7, '2019-02-02 08:00:14', 278),
(16, 'Episode 16', 6, 8, '2019-02-02 08:00:14', 279),
(15, 'Episode 15', 6, 8, '2019-02-02 08:00:14', 280),
(14, 'Episode 14', 6, 8, '2019-02-02 08:00:14', 281),
(13, 'Episode 13', 6, 8, '2019-02-02 08:00:14', 282),
(12, 'Episode 12', 6, 8, '2019-02-02 08:00:14', 283),
(11, 'Episode 11', 6, 8, '2019-02-02 08:00:14', 284),
(10, 'Episode 10', 6, 8, '2019-02-02 08:00:14', 285),
(9, 'Episode 9', 6, 8, '2019-02-02 08:00:14', 286),
(8, 'Episode 8', 6, 8, '2019-02-02 08:00:14', 287),
(7, 'Episode 7', 6, 8, '2019-02-02 08:00:14', 288),
(6, 'Episode 6', 6, 8, '2019-02-02 08:00:14', 289),
(5, 'Episode 5', 6, 8, '2019-02-02 08:00:14', 290),
(4, 'Episode 4', 6, 8, '2019-02-02 08:00:14', 291),
(3, 'Episode 3', 6, 8, '2019-02-02 08:00:14', 292),
(2, 'Episode 2', 6, 8, '2019-02-02 08:00:14', 293),
(1, 'Episode 1', 6, 8, '2019-02-02 08:00:14', 294),
(16, 'Episode 16', 6, 9, '2019-02-02 08:00:14', 295),
(15, 'Episode 15', 6, 9, '2019-02-02 08:00:14', 296),
(14, 'Episode 14', 6, 9, '2019-02-02 08:00:14', 297),
(13, 'Episode 13', 6, 9, '2019-02-02 08:00:14', 298),
(12, 'Episode 12', 6, 9, '2019-02-02 08:00:14', 299),
(11, 'Episode 11', 6, 9, '2019-02-02 08:00:14', 300),
(10, 'Episode 10', 6, 9, '2019-02-02 08:00:14', 301),
(9, 'Episode 9', 6, 9, '2019-02-02 08:00:14', 302),
(8, 'Episode 8', 6, 9, '2019-02-02 08:00:14', 303),
(7, 'Episode 7', 6, 9, '2019-02-02 08:00:14', 304),
(6, 'Episode 6', 6, 9, '2019-02-02 08:00:14', 305),
(5, 'Episode 5', 6, 9, '2019-02-02 08:00:14', 306),
(4, 'Episode 4', 6, 9, '2019-02-02 08:00:14', 307),
(3, 'Episode 3', 6, 9, '2019-02-02 08:00:14', 308),
(2, 'Episode 2', 6, 9, '2019-02-02 08:00:14', 309),
(1, 'Episode 1', 6, 9, '2019-02-02 08:00:14', 310),
(10, 'Episode 10', 7, 1, '2019-02-02 08:00:14', 311),
(9, 'Episode 9', 7, 1, '2019-02-02 08:00:14', 312),
(8, 'Episode 8', 7, 1, '2019-02-02 08:00:14', 313),
(7, 'Episode 7', 7, 1, '2019-02-02 08:00:14', 314),
(6, 'Episode 6', 7, 1, '2019-02-02 08:00:14', 315),
(5, 'Episode 5', 7, 1, '2019-02-02 08:00:14', 316),
(4, 'Episode 4', 7, 1, '2019-02-02 08:00:14', 317),
(3, 'Episode 3', 7, 1, '2019-02-02 08:00:14', 318),
(2, 'Episode 2', 7, 1, '2019-02-02 08:00:14', 319),
(1, 'Episode 1', 7, 1, '2019-02-02 08:00:14', 320),
(12, 'Episode 12', 8, 10, '2019-02-02 08:00:14', 321),
(11, 'Episode 11', 8, 10, '2019-02-02 08:00:14', 322),
(10, 'Episode 10', 8, 10, '2019-02-02 08:00:14', 323),
(9, 'Episode 9', 8, 10, '2019-02-02 08:00:14', 324),
(8, 'Episode 8', 8, 10, '2019-02-02 08:00:14', 325),
(7, 'Episode 7', 8, 10, '2019-02-02 08:00:14', 326),
(6, 'Episode 6', 8, 10, '2019-02-02 08:00:14', 327),
(5, 'Episode 5', 8, 10, '2019-02-02 08:00:14', 328),
(4, 'Episode 4', 8, 10, '2019-02-02 08:00:14', 329),
(3, 'Episode 3', 8, 10, '2019-02-02 08:00:14', 330),
(2, 'Episode 2', 8, 10, '2019-02-02 08:00:14', 331),
(1, 'Episode 1', 8, 10, '2019-02-02 08:00:14', 332),
(10, 'Episode 10', 9, 1, '2019-02-02 08:00:14', 333),
(9, 'Episode 9', 9, 1, '2019-02-02 08:00:14', 334),
(8, 'Episode 8', 9, 1, '2019-02-02 08:00:14', 335),
(7, 'Episode 7', 9, 1, '2019-02-02 08:00:14', 336),
(6, 'Episode 6', 9, 1, '2019-02-02 08:00:14', 337),
(5, 'Episode 5', 9, 1, '2019-02-02 08:00:14', 338),
(4, 'Episode 4', 9, 1, '2019-02-02 08:00:14', 339),
(3, 'Episode 3', 9, 1, '2019-02-02 08:00:14', 340),
(2, 'Episode 2', 9, 1, '2019-02-02 08:00:14', 341),
(1, 'Episode 1', 9, 1, '2019-02-02 08:00:14', 342),
(13, 'Episode 13', 9, 2, '2019-02-02 08:00:14', 343),
(12, 'Episode 12', 9, 2, '2019-02-02 08:00:14', 344),
(11, 'Episode 11', 9, 2, '2019-02-02 08:00:14', 345),
(10, 'Episode 10', 9, 2, '2019-02-02 08:00:14', 346),
(9, 'Episode 9', 9, 2, '2019-02-02 08:00:14', 347),
(8, 'Episode 8', 9, 2, '2019-02-02 08:00:14', 348),
(7, 'Episode 7', 9, 2, '2019-02-02 08:00:14', 349),
(6, 'Episode 6', 9, 2, '2019-02-02 08:00:14', 350),
(5, 'Episode 5', 9, 2, '2019-02-02 08:00:14', 351),
(4, 'Episode 4', 9, 2, '2019-02-02 08:00:14', 352),
(3, 'Episode 3', 9, 2, '2019-02-02 08:00:14', 353),
(2, 'Episode 2', 9, 2, '2019-02-02 08:00:14', 354),
(1, 'Episode 1', 9, 2, '2019-02-02 08:00:14', 355),
(13, 'Episode 13', 9, 3, '2019-02-02 08:00:14', 356),
(12, 'Episode 12', 9, 3, '2019-02-02 08:00:14', 357),
(11, 'Episode 11', 9, 3, '2019-02-02 08:00:14', 358),
(10, 'Episode 10', 9, 3, '2019-02-02 08:00:14', 359),
(9, 'Episode 9', 9, 3, '2019-02-02 08:00:14', 360),
(8, 'Episode 8', 9, 3, '2019-02-02 08:00:14', 361),
(7, 'Episode 7', 9, 3, '2019-02-02 08:00:14', 362),
(6, 'Episode 6', 9, 3, '2019-02-02 08:00:14', 363),
(5, 'Episode 5', 9, 3, '2019-02-02 08:00:14', 364),
(4, 'Episode 4', 9, 3, '2019-02-02 08:00:14', 365),
(3, 'Episode 3', 9, 3, '2019-02-02 08:00:14', 366),
(2, 'Episode 2', 9, 3, '2019-02-02 08:00:14', 367),
(1, 'Episode 1', 9, 3, '2019-02-02 08:00:14', 368),
(10, 'Episode 10', 9, 4, '2019-02-02 08:00:14', 369),
(9, 'Episode 9', 9, 4, '2019-02-02 08:00:14', 370),
(8, 'Episode 8', 9, 4, '2019-02-02 08:00:14', 371),
(7, 'Episode 7', 9, 4, '2019-02-02 08:00:14', 372),
(6, 'Episode 6', 9, 4, '2019-02-02 08:00:14', 373),
(5, 'Episode 5', 9, 4, '2019-02-02 08:00:14', 374),
(4, 'Episode 4', 9, 4, '2019-02-02 08:00:14', 375),
(3, 'Episode 3', 9, 4, '2019-02-02 08:00:14', 376),
(2, 'Episode 2', 9, 4, '2019-02-02 08:00:14', 377),
(1, 'Episode 1', 9, 4, '2019-02-02 08:00:14', 378),
(10, 'Episode 10', 9, 5, '2019-02-02 08:00:14', 379),
(9, 'Episode 9', 9, 5, '2019-02-02 08:00:14', 380),
(8, 'Episode 8', 9, 5, '2019-02-02 08:00:14', 381),
(7, 'Episode 7', 9, 5, '2019-02-02 08:00:14', 382),
(6, 'Episode 6', 9, 5, '2019-02-02 08:00:14', 383),
(5, 'Episode 5', 9, 5, '2019-02-02 08:00:14', 384),
(4, 'Episode 4', 9, 5, '2019-02-02 08:00:14', 385),
(3, 'Episode 3', 9, 5, '2019-02-02 08:00:14', 386),
(2, 'Episode 2', 9, 5, '2019-02-02 08:00:14', 387),
(1, 'Episode 1', 9, 5, '2019-02-02 08:00:14', 388),
(8, 'Episode 8', 10, 1, '2019-02-02 08:00:14', 389),
(7, 'Episode 7', 10, 1, '2019-02-02 08:00:14', 390),
(6, 'Episode 6', 10, 1, '2019-02-02 08:00:14', 391),
(5, 'Episode 5', 10, 1, '2019-02-02 08:00:14', 392),
(4, 'Episode 4', 10, 1, '2019-02-02 08:00:14', 393),
(3, 'Episode 3', 10, 1, '2019-02-02 08:00:14', 394),
(2, 'Episode 2', 10, 1, '2019-02-02 08:00:14', 395),
(1, 'Episode 1', 10, 1, '2019-02-02 08:00:14', 396),
(9, 'Episode 9', 10, 2, '2019-02-02 08:00:14', 397),
(8, 'Episode 8', 10, 2, '2019-02-02 08:00:14', 398),
(7, 'Episode 7', 10, 2, '2019-02-02 08:00:14', 399),
(6, 'Episode 6', 10, 2, '2019-02-02 08:00:14', 400),
(5, 'Episode 5', 10, 2, '2019-02-02 08:00:14', 401),
(4, 'Episode 4', 10, 2, '2019-02-02 08:00:14', 402),
(3, 'Episode 3', 10, 2, '2019-02-02 08:00:14', 403),
(2, 'Episode 2', 10, 2, '2019-02-02 08:00:14', 404),
(1, 'Episode 1', 10, 2, '2019-02-02 08:00:14', 405),
(1, 'Episode 1', 19, 1, '2019-05-12 16:44:55', 406),
(2, 'Episode 2', 19, 1, '2019-05-12 16:45:21', 407),
(3, 'Episode 3', 19, 1, '2019-05-12 16:45:41', 408),
(4, 'Episode 4', 19, 1, '2019-05-12 16:46:05', 409),
(5, 'Episode 5', 19, 1, '2019-05-12 16:46:25', 410),
(6, 'Episode 6', 19, 1, '2019-05-12 16:46:49', 411),
(7, 'Episode 7', 19, 1, '2019-05-12 16:47:16', 412),
(1, 'Episode 1', 19, 2, '2019-05-14 11:03:44', 413),
(2, 'Episode 2', 19, 2, '2019-05-14 11:04:15', 414),
(3, 'Episode 3', 19, 2, '2019-05-14 11:04:25', 415),
(4, 'Episode 4', 19, 2, '2019-05-14 11:04:39', 416),
(5, 'Episode 5', 19, 2, '2019-05-14 11:04:54', 417),
(6, 'Episode 6', 19, 2, '2019-05-14 11:05:12', 418),
(7, 'Episode 7', 19, 2, '2019-05-14 11:05:32', 419),
(8, 'Episode 8', 19, 2, '2019-05-14 11:05:56', 420),
(9, 'Episode 9', 19, 2, '2019-05-14 11:06:16', 421),
(10, 'Episode 10', 19, 2, '2019-05-14 11:06:31', 422),
(11, 'Episode 11', 19, 2, '2019-05-14 11:06:41', 423),
(12, 'Episode 12', 19, 2, '2019-05-14 11:06:53', 424),
(13, 'Episode 13', 19, 2, '2019-05-14 11:07:06', 425),
(1, 'Episode 1', 20, 1, '2019-05-15 15:18:03', 426),
(2, 'Episode 2', 20, 1, '2019-05-15 15:18:14', 427),
(3, 'Episode 3', 20, 1, '2019-05-15 15:18:26', 428),
(4, 'Episode 4', 20, 1, '2019-05-15 15:18:38', 429),
(5, 'Episode 5', 20, 1, '2019-05-15 15:18:52', 430),
(6, 'Episode 6', 20, 1, '2019-05-15 15:19:06', 431),
(7, 'Episode 7', 20, 1, '2019-05-15 15:19:17', 432),
(8, 'Episode 8', 20, 1, '2019-05-15 15:19:30', 433),
(9, 'Episode 9', 20, 1, '2019-05-15 15:19:41', 434),
(10, 'Episode 10', 20, 1, '2019-05-15 15:19:53', 435),
(11, 'Episode 11', 20, 1, '2019-05-15 15:20:31', 436),
(12, 'Episode 12', 20, 1, '2019-05-15 15:20:43', 437),
(13, 'Episode 13', 20, 1, '2019-05-15 15:20:55', 438),
(14, 'Episode 14', 20, 1, '2019-05-15 15:21:22', 439),
(15, 'Episode 15', 20, 1, '2019-05-15 15:21:58', 440),
(16, 'Episode 16', 20, 1, '2019-05-15 15:22:46', 441),
(17, 'Episode 17', 20, 1, '2019-05-15 15:22:57', 442),
(18, 'Episode 18', 20, 1, '2019-05-15 15:23:15', 443),
(19, 'Episode 19', 20, 1, '2019-05-15 15:23:28', 444),
(20, 'Episode 20', 20, 1, '2019-05-15 15:23:42', 445),
(21, 'Episode 21', 20, 1, '2019-05-15 15:24:05', 446),
(22, 'Episode 22', 20, 1, '2019-05-15 15:24:24', 447),
(1, 'Episode 1', 21, 1, '2019-05-17 10:47:35', 448),
(2, 'Episode 2', 21, 1, '2019-05-17 10:48:54', 450),
(3, 'Episode 3', 21, 1, '2019-05-17 10:49:32', 451),
(4, 'Episode 4', 21, 1, '2019-05-17 10:50:19', 452),
(5, 'Episode 5', 21, 1, '2019-05-17 10:53:18', 453),
(6, 'Episode 6', 21, 1, '2019-05-17 10:53:41', 454),
(7, 'Episode 7', 21, 1, '2019-05-17 10:54:01', 455),
(8, 'Episode 8', 21, 1, '2019-05-17 10:54:39', 456),
(9, 'Episode 9', 21, 1, '2019-05-17 10:55:28', 457),
(1, 'Episode 1', 15, 1, '2019-05-17 10:58:03', 459),
(2, 'Episode 2', 15, 1, '2019-05-17 10:58:43', 460),
(3, 'Episode 3', 15, 1, '2019-05-17 10:59:12', 461),
(4, 'Episode 4', 15, 1, '2019-05-17 10:59:47', 462),
(5, 'Episode 5', 15, 1, '2019-05-17 11:00:54', 463),
(6, 'Episode 6', 15, 1, '2019-05-17 11:02:14', 464),
(7, 'Episode 7', 15, 1, '2019-05-17 11:03:20', 465),
(8, 'Episode 8', 15, 1, '2019-05-17 11:04:22', 466),
(9, 'Episode 9', 15, 1, '2019-05-17 11:04:52', 467),
(10, 'Episode 10', 15, 1, '2019-05-17 11:05:08', 468),
(11, 'Episode 11', 15, 1, '2019-05-17 11:05:34', 469),
(12, 'Episode 12', 15, 1, '2019-05-17 11:06:12', 470),
(13, 'Episode 13', 15, 1, '2019-05-17 11:06:27', 471),
(14, 'Episode 14', 15, 1, '2019-05-17 11:06:48', 472),
(15, 'Episode 15', 15, 1, '2019-05-17 11:07:11', 473),
(16, 'Episode 16', 15, 1, '2019-05-17 11:07:47', 474),
(17, 'Episode 17', 15, 1, '2019-05-17 11:08:17', 475),
(18, 'Episode 18', 15, 1, '2019-05-17 11:08:45', 476),
(19, 'Episode 19', 15, 1, '2019-05-17 11:09:13', 477),
(20, 'Episode 20', 15, 1, '2019-05-17 11:09:35', 478),
(21, 'Episode 21', 15, 1, '2019-05-17 11:09:54', 479),
(22, 'Episode 22', 15, 1, '2019-05-17 11:10:12', 480),
(10, 'Episode 10', 21, 1, '2019-05-17 11:11:19', 481),
(1, 'Episode 1', 18, 1, '2019-05-18 17:14:10', 482),
(2, 'Episode 2', 18, 1, '2019-05-18 17:14:26', 483),
(3, 'Episode 3', 18, 1, '2019-05-18 17:14:37', 484),
(4, 'Episode 4', 18, 1, '2019-05-18 17:14:49', 485),
(5, 'Episode 5', 18, 1, '2019-05-18 17:15:04', 486),
(6, 'Episode 6', 18, 1, '2019-05-18 17:15:30', 487),
(7, 'Episode 7', 18, 1, '2019-05-18 17:15:47', 488),
(8, 'Episode 8', 18, 1, '2019-05-18 17:16:05', 489),
(9, 'Episode 9', 18, 1, '2019-05-18 17:16:16', 490),
(10, 'Episode 10', 18, 1, '2019-05-18 17:16:31', 491),
(11, 'Episode 11', 18, 1, '2019-05-18 17:16:59', 492),
(12, 'Episode 12', 18, 1, '2019-05-18 17:17:25', 493),
(13, 'Episode 13', 18, 1, '2019-05-18 17:17:39', 495),
(14, 'Episode 14', 18, 1, '2019-05-18 17:17:54', 496),
(15, 'Episode 15', 18, 1, '2019-05-18 17:18:08', 498),
(16, 'Episode 16', 18, 1, '2019-05-18 17:18:19', 500),
(17, 'Episode 17', 18, 1, '2019-05-18 17:18:32', 501),
(18, 'Episode 18', 18, 1, '2019-05-18 17:18:48', 502),
(19, 'Episode 19', 18, 1, '2019-05-18 17:19:01', 503),
(20, 'Episode 20', 18, 1, '2019-05-18 17:19:15', 504),
(21, 'Episode 21', 18, 1, '2019-05-18 17:23:38', 505),
(22, 'Episode 22', 18, 1, '2019-05-18 17:23:52', 506),
(23, 'Episode 23', 18, 1, '2019-05-18 17:24:11', 507),
(1, 'Episode 1', 12, 1, '2019-05-21 12:16:03', 508),
(2, 'Episode 2', 12, 1, '2019-05-21 12:16:39', 509),
(3, 'Episode 3', 12, 1, '2019-05-21 12:16:54', 510),
(4, 'Episode 4', 12, 1, '2019-05-21 12:17:14', 511),
(5, 'Episode 5', 12, 1, '2019-05-21 12:17:39', 512),
(6, 'Episode 6', 12, 1, '2019-05-21 12:18:07', 513),
(7, 'Episode 7', 12, 1, '2019-05-21 12:20:50', 514),
(8, 'Episode 8', 12, 1, '2019-05-21 12:21:07', 515),
(9, 'Episode 9', 12, 1, '2019-05-21 12:21:36', 516),
(10, 'Episode 10', 12, 1, '2019-05-21 12:22:13', 517),
(1, 'Episode 1', 21, 2, '2019-05-21 12:24:59', 518),
(2, 'Episode 2', 21, 2, '2019-05-21 12:29:21', 519),
(3, 'Episode 3', 21, 2, '2019-05-21 12:29:48', 520),
(4, 'Episode 4', 21, 2, '2019-05-21 12:30:17', 521),
(5, 'Episode 5', 21, 2, '2019-05-21 12:30:39', 522),
(6, 'Episode 6', 21, 2, '2019-05-21 12:30:59', 523),
(7, 'Episode 7', 21, 2, '2019-05-21 12:31:39', 524),
(8, 'Episode 8', 21, 2, '2019-05-21 12:32:13', 525),
(9, 'Episode 9', 21, 2, '2019-05-21 12:32:32', 526),
(10, 'Episode 10', 21, 2, '2019-05-21 12:33:02', 527),
(11, 'Episode 11', 12, 1, '2019-05-21 12:35:08', 528),
(12, 'Episode 12', 12, 1, '2019-05-21 12:38:19', 530),
(13, 'Episode 13', 12, 1, '2019-05-21 12:38:50', 531),
(1, 'Episode 1', 21, 3, '2019-05-23 12:24:16', 532),
(2, 'Episode 2', 21, 3, '2019-05-23 12:24:31', 533),
(3, 'Episode 3', 21, 3, '2019-05-23 12:24:42', 534),
(4, 'Episode 4', 21, 3, '2019-05-23 12:24:54', 535),
(5, 'Episode 5', 21, 3, '2019-05-23 12:25:21', 536),
(6, 'Episode 6', 21, 3, '2019-05-23 12:25:34', 537),
(7, 'Episode 7', 21, 3, '2019-05-23 12:25:46', 538),
(8, 'Episode 8', 21, 3, '2019-05-23 12:26:02', 539),
(9, 'Episode 9', 21, 3, '2019-05-23 12:26:13', 540),
(10, 'Episode 10', 21, 3, '2019-05-23 12:26:36', 541),
(1, 'Episode 1', 13, 1, '2019-05-24 10:43:06', 542),
(2, 'Episode 2', 13, 1, '2019-05-24 10:43:33', 543),
(3, 'Episode 3', 13, 1, '2019-05-24 10:43:50', 544),
(4, 'Episode 4', 13, 1, '2019-05-24 10:45:15', 545),
(5, 'Episode 5', 13, 1, '2019-05-24 10:46:25', 547),
(6, 'Episode 6', 13, 1, '2019-05-24 10:46:42', 548),
(7, 'Episode 7', 13, 1, '2019-05-24 10:48:21', 549),
(8, 'Episode 8', 13, 1, '2019-05-24 10:48:58', 550),
(9, 'Episode 9', 13, 1, '2019-05-24 10:51:55', 552),
(10, 'Episode 10', 13, 1, '2019-05-24 10:54:20', 553),
(11, 'Episode 11', 13, 1, '2019-05-24 10:54:38', 554),
(12, 'Episode 12', 13, 1, '2019-05-24 10:55:00', 555),
(13, 'Episode 13', 13, 1, '2019-05-24 10:55:32', 556),
(14, 'Episode 14', 13, 1, '2019-05-24 10:56:03', 557),
(15, 'Episode 15', 13, 1, '2019-05-24 10:56:22', 558),
(16, 'Episode 16', 13, 1, '2019-05-24 10:56:41', 559),
(17, 'Episode 17', 13, 1, '2019-05-24 10:57:13', 560),
(18, 'Episode 18', 13, 1, '2019-05-24 10:57:39', 561),
(19, 'Episode 19', 13, 1, '2019-05-24 10:58:01', 562),
(20, 'Episode 20', 13, 1, '2019-05-24 11:01:49', 563),
(21, 'Episode 21', 13, 1, '2019-05-24 11:02:05', 564),
(22, 'Episode 22', 13, 1, '2019-05-24 11:02:32', 565),
(23, 'Episode 23', 13, 1, '2019-05-24 11:03:00', 566),
(1, 'Episode 1', 14, 5, '2019-05-25 15:33:41', 567),
(2, 'Episode 2', 14, 5, '2019-05-25 15:33:50', 568),
(3, 'Episode 3', 14, 5, '2019-05-25 15:33:59', 569),
(4, 'Episode 4', 14, 5, '2019-05-25 15:34:08', 570),
(5, 'Episode 5', 14, 5, '2019-05-25 15:34:17', 571),
(6, 'Episode 6', 14, 5, '2019-05-25 15:34:34', 572),
(7, 'Episode 7', 14, 5, '2019-05-25 15:34:45', 573),
(8, 'Episode 8', 14, 5, '2019-05-25 15:34:53', 574),
(9, 'Episode 9', 14, 5, '2019-05-25 15:35:02', 575),
(10, 'Episode 10', 14, 5, '2019-05-25 15:35:14', 576),
(11, 'Episode 11', 14, 5, '2019-05-25 15:35:36', 577),
(12, 'Episode 12', 14, 5, '2019-05-25 15:35:46', 578),
(1, 'Episode 1', 17, 1, '2019-05-27 13:39:13', 579),
(2, 'Episode 2', 17, 1, '2019-05-27 13:39:37', 580),
(3, 'Episode 3', 17, 1, '2019-05-27 13:39:59', 581),
(4, 'Episode 4', 17, 1, '2019-05-27 13:40:48', 583),
(5, 'Episode 5', 17, 1, '2019-05-27 13:41:15', 585),
(6, 'Episode 6', 17, 1, '2019-05-27 13:41:41', 586),
(1, 'Episode 1', 21, 4, '2019-05-28 10:48:52', 587),
(2, 'Episode 2', 21, 4, '2019-05-28 10:49:10', 588),
(3, 'Episode 3', 21, 4, '2019-05-28 10:49:30', 589),
(4, 'Episode 4', 21, 4, '2019-05-28 10:49:53', 590),
(5, 'Episode 5', 21, 4, '2019-05-28 10:50:22', 591),
(6, 'Episode 6', 21, 4, '2019-05-28 10:50:49', 592),
(7, 'Episode 7', 21, 4, '2019-05-28 10:51:08', 593),
(8, 'Episode 8', 21, 4, '2019-05-28 10:51:29', 594),
(9, 'Episode 9', 21, 4, '2019-05-28 10:51:50', 595),
(10, 'Episode 10', 21, 4, '2019-05-28 10:52:22', 596),
(1, 'Episode 1', 11, 1, '2019-05-28 11:15:52', 597),
(2, 'Episode 2', 11, 1, '2019-05-28 11:16:06', 598),
(3, 'Episode 3', 11, 1, '2019-05-28 11:16:17', 599),
(4, 'Episode 4', 11, 1, '2019-05-28 11:16:43', 600),
(1, 'Episode 1', 21, 5, '2019-05-28 16:25:36', 601),
(2, 'Episode 2', 21, 5, '2019-05-28 16:26:30', 602),
(3, 'Episode 3', 21, 5, '2019-05-28 16:26:57', 603),
(4, 'Episode 4', 21, 5, '2019-05-28 16:33:20', 604),
(5, 'Episode 5', 21, 5, '2019-05-28 16:34:01', 605),
(6, 'Episode 6', 21, 5, '2019-05-28 16:34:27', 606),
(7, 'Episode 7', 21, 5, '2019-05-28 16:35:00', 607),
(8, 'Episode 8', 21, 5, '2019-05-28 16:36:24', 609),
(9, 'Episode 9', 21, 5, '2019-05-28 16:36:54', 610),
(10, 'Episode 10', 21, 5, '2019-05-28 16:37:30', 611),
(1, 'Episode 1', 16, 1, '2019-05-29 11:21:09', 612),
(2, 'Episode 2', 16, 1, '2019-05-29 11:21:24', 613),
(3, 'Episode 3', 16, 1, '2019-05-29 11:21:52', 614),
(4, 'Episode 4', 16, 1, '2019-05-29 11:22:13', 615),
(5, 'Episode 5', 16, 1, '2019-05-29 11:22:28', 616),
(6, 'Episode 6', 16, 1, '2019-05-29 11:23:03', 617),
(7, 'Episode 7', 16, 1, '2019-05-29 11:23:48', 618),
(8, 'Episode 8', 16, 1, '2019-05-29 11:24:14', 619),
(9, 'Episode 9', 16, 1, '2019-05-29 11:24:35', 620),
(10, 'Episode 10', 16, 1, '2019-05-29 11:24:54', 621),
(1, 'Episode 1', 22, 1, '2019-05-31 11:56:12', 622),
(2, 'Episode 2', 22, 1, '2019-05-31 11:56:22', 623),
(3, 'Episode 3', 22, 1, '2019-05-31 11:56:32', 624),
(4, 'Episode 4', 22, 1, '2019-05-31 11:56:41', 625),
(5, 'Episode 5', 22, 1, '2019-05-31 11:56:50', 626),
(6, 'Episode 6', 22, 1, '2019-05-31 11:57:05', 627),
(7, 'Episode 7', 22, 1, '2019-05-31 11:57:17', 628),
(8, 'Episode 8', 22, 1, '2019-05-31 11:57:27', 629),
(9, 'Episode 9', 22, 1, '2019-05-31 11:57:36', 630),
(10, 'Episode 10', 22, 1, '2019-05-31 11:57:46', 631),
(1, 'Episode 1', 22, 2, '2019-05-31 11:58:19', 632),
(2, 'Episode 2', 22, 2, '2019-05-31 11:58:28', 633),
(3, 'Episode 3', 22, 2, '2019-05-31 11:58:38', 634),
(4, 'Episode 4', 22, 2, '2019-05-31 11:58:47', 635),
(5, 'Episode 5', 22, 2, '2019-05-31 11:58:56', 636),
(6, 'Episode 6', 22, 2, '2019-05-31 11:59:11', 637);

-- --------------------------------------------------------

--
-- Table structure for table `feedback`
--

CREATE TABLE `feedback` (
  `id` int(11) NOT NULL,
  `feedback` text NOT NULL
) ENGINE=InnoDB DEFAULT CHARSET=latin1;

--
-- Dumping data for table `feedback`
--

INSERT INTO `feedback` (`id`, `feedback`) VALUES
(15, 'Agents of shield\r\n'),
(16, 'Umer Ahmed Mirza. thank you so much for submitted my site link in your site'),
(17, 'Hallo g kaisa ho'),
(18, 'Vampire diaries '),
(19, 'Front hand is Awesome....'),
(20, 'Itzqazihere/Mara totai lao/thankyou'),
(21, 'Hamna / Muqeet i love you'),
(22, 'Mk/mara wtf '),
(23, 'Hot porn');

-- --------------------------------------------------------

--
-- Table structure for table `genre`
--

CREATE TABLE `genre` (
  `genre_id` int(11) NOT NULL,
  `genre` varchar(300) NOT NULL
) ENGINE=InnoDB DEFAULT CHARSET=latin1;

--
-- Dumping data for table `genre`
--

INSERT INTO `genre` (`genre_id`, `genre`) VALUES
(1, 'Action'),
(2, 'Horror'),
(3, 'Fantasy'),
(4, 'Romance'),
(5, 'Thriller'),
(6, 'Adventure'),
(7, 'Arcade '),
(8, 'War'),
(9, 'Animation'),
(10, 'Biography'),
(11, 'Crime'),
(12, 'Documentary'),
(13, 'Sci-Fi'),
(14, 'History'),
(15, 'News'),
(16, 'Reality Tv'),
(17, 'Strategy'),
(18, 'Drama'),
(19, 'Comedy'),
(20, 'Mystery');

-- --------------------------------------------------------

--
-- Table structure for table `seasons`
--

CREATE TABLE `seasons` (
  `id` int(11) NOT NULL,
  `season_title` varchar(300) NOT NULL,
  `series_id` int(11) NOT NULL,
  `date` timestamp NOT NULL DEFAULT CURRENT_TIMESTAMP ON UPDATE CURRENT_TIMESTAMP,
  `g` int(11) NOT NULL
) ENGINE=InnoDB DEFAULT CHARSET=latin1;

--
-- Dumping data for table `seasons`
--

INSERT INTO `seasons` (`id`, `season_title`, `series_id`, `date`, `g`) VALUES
(1, 'Season 1', 0, '2019-02-02 18:28:58', 1),
(2, 'Season 2', 0, '2019-02-02 18:28:58', 2),
(3, 'Season 3', 0, '2019-02-02 18:28:58', 3),
(4, 'Season 4', 0, '2019-02-02 18:28:58', 4),
(5, 'Season 5', 0, '2019-02-02 18:28:58', 5),
(6, 'Season 6', 0, '2019-02-02 18:28:58', 6),
(7, 'Season 7', 0, '2019-02-02 18:28:58', 7),
(8, 'Season 8', 0, '2019-02-02 18:28:58', 8),
(9, 'Season 9', 0, '2019-02-02 18:28:58', 9),
(10, 'Season 10', 0, '2019-02-02 18:28:58', 10),
(2, 'Season 2', 2, '2019-02-02 18:28:58', 11),
(1, 'Season 1', 2, '2019-02-02 18:28:58', 12),
(1, 'Season 1', 3, '2019-02-02 18:28:58', 13),
(5, 'Season 5', 1, '2019-02-02 18:28:58', 14),
(1, 'Season 1', 4, '2019-02-02 18:28:58', 15),
(4, 'Season 4', 5, '2019-02-02 18:28:58', 16),
(3, 'Season 3', 5, '2019-02-02 18:28:58', 17),
(2, 'Season 2', 5, '2019-02-02 18:28:58', 18),
(1, 'Season 1', 5, '2019-02-02 18:28:58', 19),
(9, 'Season 9', 6, '2019-02-02 18:28:58', 20),
(8, 'Season 8', 6, '2019-02-02 18:28:58', 21),
(7, 'Season 7', 6, '2019-02-02 18:28:58', 22),
(6, 'Season 6', 6, '2019-02-02 18:28:58', 23),
(5, 'Season 5', 6, '2019-02-02 18:28:58', 24),
(4, 'Season 4', 6, '2019-02-02 18:28:58', 25),
(3, 'Season 3', 6, '2019-02-02 18:28:58', 26),
(2, 'Season 2', 6, '2019-02-02 18:28:58', 27),
(1, 'Season 1', 6, '2019-02-02 18:28:58', 28),
(1, 'Season 1', 7, '2019-02-02 18:28:58', 29),
(10, 'Season 10', 8, '2019-02-02 18:28:58', 30),
(5, 'Season 5', 9, '2019-02-02 18:28:58', 31),
(4, 'Season 4', 9, '2019-02-02 18:28:58', 32),
(3, 'Season 3', 9, '2019-02-02 18:28:58', 33),
(2, 'Season 2', 9, '2019-02-02 18:28:58', 34),
(1, 'Season 1', 9, '2019-02-02 18:28:58', 35),
(2, 'Season 2', 10, '2019-02-02 18:28:58', 36),
(1, 'Season 1', 10, '2019-02-02 18:28:58', 37),
(1, 'Season 1', 19, '2019-05-12 16:43:51', 38),
(2, 'Season 2', 19, '2019-05-14 11:03:04', 39),
(1, 'Season 1', 20, '2019-05-15 15:16:12', 40),
(1, 'Season 1', 21, '2019-05-17 10:46:33', 41),
(1, 'Season 1', 15, '2019-05-17 10:56:08', 42),
(1, 'Season 1', 18, '2019-05-18 17:13:15', 43),
(1, 'Season 1', 12, '2019-05-21 12:12:51', 45),
(2, 'Season 2', 21, '2019-05-21 12:24:03', 46),
(3, 'Season 3', 21, '2019-05-23 12:16:52', 47),
(1, 'Season 1', 13, '2019-05-24 10:42:41', 48),
(5, 'Season 5', 14, '2019-05-25 15:33:18', 49),
(1, 'Season 1', 17, '2019-05-27 13:38:32', 50),
(4, 'Season 4', 21, '2019-05-28 10:48:15', 51),
(1, 'Season 1', 11, '2019-05-28 11:15:16', 52),
(5, 'Season 5', 21, '2019-05-28 16:20:30', 53),
(1, 'Season 1', 16, '2019-05-29 11:20:43', 55),
(1, 'Season 1', 22, '2019-05-31 11:55:31', 56),
(2, 'Season 2', 22, '2019-05-31 11:55:39', 57);

-- --------------------------------------------------------

--
-- Table structure for table `series`
--

CREATE TABLE `series` (
  `episode_id` int(11) NOT NULL,
  `series_name` varchar(150) NOT NULL,
  `genre_id` int(11) NOT NULL,
  `image` text NOT NULL,
  `description` varchar(1024) NOT NULL,
  `imdb_link` varchar(300) NOT NULL,
  `rating` int(11) NOT NULL,
  `Cast` varchar(300) NOT NULL,
  `series_views` int(11) NOT NULL,
  `season_views` int(11) NOT NULL,
  `episode_views` int(11) NOT NULL,
  `season_id` int(11) NOT NULL,
  `recently_added_date` timestamp NOT NULL DEFAULT CURRENT_TIMESTAMP ON UPDATE CURRENT_TIMESTAMP,
  `episodes_id` int(11) NOT NULL,
  `run_time` int(11) NOT NULL,
  `genre` varchar(1024) NOT NULL,
  `First_alphabet` text NOT NULL,
  `Mid_alphabet` text NOT NULL,
  `Last_alphabet` text NOT NULL
) ENGINE=InnoDB DEFAULT CHARSET=latin1;

--
-- Dumping data for table `series`
--

INSERT INTO `series` (`episode_id`, `series_name`, `genre_id`, `image`, `description`, `imdb_link`, `rating`, `Cast`, `series_views`, `season_views`, `episode_views`, `season_id`, `recently_added_date`, `episodes_id`, `run_time`, `genre`, `First_alphabet`, `Mid_alphabet`, `Last_alphabet`) VALUES
(1, 'Endeavour', 11, '328.jpg', 'Set in the 1960s, the show follows Endeavour Morse in his early years as a police constable. Working alongside his senior partner DI Fred Thursday, Morse engages in a number of investigations around Oxford.\r\n\r\n', 'https://www.imdb.com/title/tt2701582/', 3, 'Shaun Evans, Roger Allam, Anton Lesser', 148765, 4343, 545, 5, '2019-02-02 14:11:59', 6, 90, 'Drama,Crime,Mystery', 'D', 'E', 'F'),
(2, 'The Good Doctor', 13, '245.jpg', 'A young surgeon with autism and Savant syndrome is recruited into the pediatric surgical unit of a prestigious hospital.', 'https://www.imdb.com/title/tt6470478/', 3, ' Freddie Highmore, Richard Schiff, Hill Harper', 323, 323, 34, 2, '2019-02-02 14:54:23', 18, 41, 'Drama,Sci-Fi', 'S', 'T', 'U'),
(3, 'The Neighborhood', 18, '513.jpg', 'A friendly guy from the Midwest tries to fit in in a tough L.A. neighborhood.', 'https://www.imdb.com/title/tt7942794/', 5, 'Tichina Arnold, Beth Behrs, Cedric the Entertainer', 65057, 26756, 545, 1, '2019-02-02 14:54:33', 5, 22, 'Comedy,Action,Thriller', 'S', 'T', 'U'),
(4, 'Strangers', 18, '477.jpg', 'Jonah Mulray is a professor whose world comes crashing down when his wife is killed in a car crash in Hong Kong. Though his wife lived and worked there for six months, Jonahs fear of flying as stopped him from ever visiting. Now forced to abandoned his sheltered life, he must venture across the world to identify her body. However, once he arrives he finds out a shocking truth and is drawn deeper in a web of conspiracy in a foreign and unfamiliar place.', 'https://www.imdb.com/title/tt7551216/', 5, 'John Simm, Anthony Chau-Sang Wong, Katie Leung', 8765, 6543, 423, 1, '2019-02-02 14:54:43', 8, 50, 'Drama,Thriller', 'S', 'T', 'U'),
(5, 'Supergirl', 1, '153.jpg', 'The adventures of Supermans cousin in her own superhero career.', 'https://www.imdb.com/title/tt4016454/', 4, 'Melissa Benoist, Mehcad Brooks, Chyler Leigh ', 35352, 6542, 323, 4, '2019-02-02 14:55:11', 22, 41, 'Action,Adventure,Sci-Fi', 'S', 'T', 'U'),
(6, 'The Walking Dead', 2, '16.jpg', 'Rick Grimes is a former Sheriff\'s deputy who has been in a coma for several months after being shot whilst on duty. When he wakes, he discovers that the world has been taken over by Zombies, and that he seems to be the only person still alive. Having returned home to discover his wife and son missing, he heads for Atlanta to search for his family. Narrowly escaping death at the hands of the Zombies on arrival in Atlanta, he is aided by another survivor Glenn who takes Rick to a camp outside the town. There Rick finds his wife Lori and son Carl. Along with his partner and best friend Shane, he founds a small group of survivors who struggle to fend off the zombie hordes, as well as competing with other survivor groups who are prepared to do whatever it takes to survive.', 'http://www.imdb.com/title/tt1520211/', 3, 'Andrew Lincoln, Steven Yeun, Sarah Wayne Callies', 5352, 224, 6477, 9, '2019-02-02 14:55:20', 6, 45, 'Drama,Horror,Thriller', 'S', 'T', 'U'),
(7, 'The Truth About the Harry Quebert Affair', 11, '471.jpg', 'A writer gets caught up in a murder investigation involving his mentor, an esteemed American author.', 'https://www.imdb.com/title/tt7134194/', 4, 'Patrick Dempsey, Don Harvey, Joshua Close', 45647, 3465, 453, 1, '2019-02-02 14:55:28', 10, 42, 'Drama', 'S', 'T', 'U'),
(8, 'The Simpsons', 14, '511.jpg', 'The satiric adventures of a working-class family in the misfit city of Springfield.', 'https://www.imdb.com/title/tt0096697/', 5, 'Dan Castellaneta, Nancy Cartwright, Harry Shearer', 89754, 2456, 765, 30, '2019-02-02 14:55:40', 12, 22, 'Animation,Comedy', 'S', 'T', 'U'),
(9, 'The Last Ship', 1, '94.jpg', 'The crew of a naval destroyer is forced to confront the reality of a new existence when a pandemic kills off most of the earths population.', 'http://www.imdb.com/title/tt2402207/', 2, 'Eric Dane, Rhona Mitra, Adam Baldwin', 445436, 13134, 1232, 5, '2019-02-02 14:56:00', 10, 60, 'Action,Drama,Sci-Fi', 'S', 'T', 'U'),
(10, 'The Deuce', 11, '239.jpg', 'A look at life in New York City during the 1970s and 80s when porn and prostitution were rampant in Manhattan.', 'http://www.imdb.com/title/tt4998350/', 2, 'Kevin Breznahan, James Franco, Maggie Gyllenhaal', 53453, 3453, 323, 2, '2019-02-02 14:56:09', 9, 60, 'Drama', 'S', 'T', 'U'),
(11, 'The Cry', 0, '510.jpg', 'The disappearance of a baby from a small coastal town in Australia is the catalyst for a journey into the disintegrating psychology of a young couple as they deal with an unthinkable.', 'https://www.imdb.com/title/tt5473364/', 3, 'Jenna Coleman, Ewen Leslie, Asher Keddie', 4343, 3242, 2432, 0, '2019-05-10 16:28:40', 0, 60, 'Thriller', 'S', 'T', 'U'),
(12, '13 Reasons Why', 0, '210.jpg', 'Follows teenager Clay Jensen, in his quest to uncover the story behind his classmate and crush, Hannah, and her decision to end her life.', 'http://www.imdb.com/title/tt1837492', 4, 'Katherine Langford, Christian Navarro, Michael Sadler', 2343, 1232, 1312, 0, '2019-05-10 16:17:43', 0, 60, 'Drama,Mystery', 'Y', 'Z', '13'),
(13, '2 Broke Girls', 0, '56.jpg', 'Two young women waitressing at a greasy spoon diner strike up an unlikely friendship in the hopes of launching a successful business - if only they can raise the cash.', 'http://www.imdb.com/title/tt1845307', 3, 'Kat Dennings, Beth Behrs, Garrett Morris', 3424, 2424, 14232, 0, '2019-05-10 16:09:01', 0, 22, 'Comedy', 'Y', 'Z', '2'),
(14, 'Younger', 0, '407.jpg', 'After being mistaken for younger than she really is, a single mother decides to take the chance to reboot her career and her love life as a 26-year old.', 'https://www.imdb.com/title/tt3288518/', 4, 'Sutton Foster, Miriam Shor, Hilary Duff', 1232, 2423, 1231, 0, '2019-05-10 13:16:49', 0, 22, 'Comedy,Romance', 'Y', 'Z', '1'),
(15, 'The Vampire Diaries', 0, '7.jpg', 'The vampire brothers Damon and Stefan Salvatore, eternal adolescents, having been leading \'normal\' lives, hiding their bloodthirsty condition, for centuries, moving on before their non-aging is noticed. They are back in the Virginia town where they became vampires. Stefan is noble, denying himself blood to avoid killing, and tries to control his evil brother Damon. Stefan falls in love with schoolgirl Elena, whose best friend is a witch, like her grandma.', 'http://www.imdb.com/title/tt1405406/', 5, 'Candice Accola, Nina Dobrev, Paul Wesley', 24324, 2342, 1234, 0, '2019-05-10 13:12:25', 0, 42, 'Drama,Fantasy,Horror', 'S', 'T', 'U'),
(16, '911', 0, '305.jpg', 'Explores the high-pressure experiences of police, paramedics and firefighters who are thrust into the most frightening, shocking and heart-stopping situations. They must try to balance saving people with solving problems in their own lives', 'http://www.imdb.com/title/tt7235466/', 3, 'Angela Bassett, Connie Britton, Kenneth Choi', 1244, 1212, 1321, 0, '2019-05-10 13:05:54', 0, 43, 'Drama', 'Y', 'Z', '9'),
(17, '5th Ward', 0, '475.jpg', 'The Fifth Ward is often considered one of Americas most dangerous neighborhoods, it is the setting for a showdown between doing whats right and giving in to the ways of the street. When James brother is killed during a botched drug robbery, everything he ever believed about the hood is thrown upside down. Now as James tries to get out of the street life, hes torn between the loyalties to his crew, his girlfriend, and his mother whose life is threatened when domestic violence hits home. As tensions mount, James must make a choice that is literally life or death.', 'https://www.imdb.com/title/tt7914168/', 3, 'Mandy Carrasco, Derrick \'D-Reck\' Dixon, Louis Gusemano', 2423, 34244, 23424, 0, '2019-05-10 12:56:10', 0, 60, 'Drama', 'Y', 'Z', '5'),
(18, 'The Flash', 0, '117.jpg', 'The adventures of scientist Barry Allen who is a superhero with incredible speed.', 'http://www.imdb.com/title/tt3107288/', 3, 'Grant Gustin, Candice Patton, Rick Cosnett', 3424, 2433, 1232, 0, '2019-05-10 12:52:28', 0, 60, 'Action,Adventure,Drama', 'S', 'T', 'U'),
(19, 'Breaking Bad', 12, '19.jpg', 'When chemistry teacher, Walter White, is diagnosed with Stage III cancer and given only two years to live, he decides he has nothing to lose. He lives with his wife and teenage son, who has cerebral palsy, in New Mexico. Determined to ensure that his family will have a secure future, White embarks on a career of drugs and crime. He proves to be remarkably proficient in this new world as he begins manufacturing and selling methamphetamine with one of his former students. The series tracks the impacts of a fatal diagnosis on a regular hard working man and explores how a fatal diagnosis affects his morality and transforms him into a major player of the drug trade.', 'http://www.imdb.com/title/tt0903747/', 4, 'Bryan Cranston, Anna Gunn, Aaron Paul', 2414, 3534, 534, 5, '2019-05-10 12:48:19', 0, 45, 'Crime,Drama,Thriller', 'A', 'B', 'C'),
(20, 'Agents of SHIELD', 0, '49.jpg', 'After the Battle of New York, the world has changed. It now knows not only about the Avengers, but also the powerful menaces that require those superheroes and more to face them. In response, Phil Coulson of the Strategic Homeland Intervention, Enforcement and Logistics Division assembles an elite covert team to find and deal with these threats wherever they are found. With a world rapidly becoming more bizarre and dangerous than ever before as the supervillains arise, these agents of S.H.I.E.L.D. are to take them on.', 'http://www.imdb.com/title/tt2364582/', 4, 'Clark Gregg, Ming-Na Wen, Brett Dalton', 42343, 3212, 2132, 0, '2019-05-15 15:14:23', 0, 45, 'Action,Drama,Sci-Fi', 'A', 'B', 'C'),
(21, 'Game of Thrones', 0, '10.jpg', 'Seven noble families fight for control of the mythical land of Westeros. Political and sexual intrigue is pervasive. Robert Baratheon, King of Westeros, asks his old friend Eddard, Lord Stark, to serve as Hand of the King, or highest official. Secretly warned that the previous Hand was assassinated, Eddard accepts in order to investigate further. Meanwhile the Queen\'s family, the Lannisters, may be hatching a plot to take power. Across the sea, the last members of the previous and deposed ruling family, the Targaryens, are also scheming to regain the throne. The friction between the houses Stark, Lannister and Baratheon, and with the remaining great houses Greyjoy, Tully, Arryn, and Tyrell, leads to full-scale war. All while a very ancient evil awakens in the farthest north. Amidst the war and political confusion, a neglected military order of misfits, the Night\'s Watch, is all that stands between the realms of men and icy horrors beyond.', 'http://www.imdb.com/title/tt0944947/', 4, 'Peter Dinklage,Lena Headey,Michelle Fairley', 242242, 3242, 2334, 0, '2019-05-17 10:32:48', 0, 60, 'Adventure,Drama,Fantasy', 'G', 'H', 'I'),
(22, 'Karenjit Kaur The Untold Story of Sunny Leone', 454, '453.jpg', 'The life story of Indian-Canadian actress and former adult film star, Sunny Leone.', 'https://www.imdb.com/title/tt6009150/', 4, 'Bijay Anand, Raj Arjun, Karamvir Lamba', 23243, 2423, 1312, 0, '2019-05-31 12:16:39', 0, 25, 'Biography, Drama', 'S', 'T', 'U');

--
-- Indexes for dumped tables
--

--
-- Indexes for table `download_link`
--
ALTER TABLE `download_link`
  ADD PRIMARY KEY (`id`);

--
-- Indexes for table `episodes`
--
ALTER TABLE `episodes`
  ADD PRIMARY KEY (`epi_id`);

--
-- Indexes for table `feedback`
--
ALTER TABLE `feedback`
  ADD PRIMARY KEY (`id`);

--
-- Indexes for table `genre`
--
ALTER TABLE `genre`
  ADD PRIMARY KEY (`genre_id`);

--
-- Indexes for table `seasons`
--
ALTER TABLE `seasons`
  ADD PRIMARY KEY (`g`);

--
-- Indexes for table `series`
--
ALTER TABLE `series`
  ADD PRIMARY KEY (`episode_id`);

--
-- AUTO_INCREMENT for dumped tables
--

--
-- AUTO_INCREMENT for table `download_link`
--
ALTER TABLE `download_link`
  MODIFY `id` int(11) NOT NULL AUTO_INCREMENT, AUTO_INCREMENT=264;

--
-- AUTO_INCREMENT for table `episodes`
--
ALTER TABLE `episodes`
  MODIFY `epi_id` int(11) NOT NULL AUTO_INCREMENT, AUTO_INCREMENT=638;

--
-- AUTO_INCREMENT for table `feedback`
--
ALTER TABLE `feedback`
  MODIFY `id` int(11) NOT NULL AUTO_INCREMENT, AUTO_INCREMENT=24;

--
-- AUTO_INCREMENT for table `genre`
--
ALTER TABLE `genre`
  MODIFY `genre_id` int(11) NOT NULL AUTO_INCREMENT, AUTO_INCREMENT=21;

--
-- AUTO_INCREMENT for table `seasons`
--
ALTER TABLE `seasons`
  MODIFY `g` int(11) NOT NULL AUTO_INCREMENT, AUTO_INCREMENT=58;

--
-- AUTO_INCREMENT for table `series`
--
ALTER TABLE `series`
  MODIFY `episode_id` int(11) NOT NULL AUTO_INCREMENT, AUTO_INCREMENT=23;
COMMIT;

/*!40101 SET CHARACTER_SET_CLIENT=@OLD_CHARACTER_SET_CLIENT */;
/*!40101 SET CHARACTER_SET_RESULTS=@OLD_CHARACTER_SET_RESULTS */;
/*!40101 SET COLLATION_CONNECTION=@OLD_COLLATION_CONNECTION */;
